/home/bing_TUM/ehrensberger/master-thesis/imports/mimicgen/datasets/robot/threading_d0_iiwa.hdf5,/home/bing_TUM/ehrensberger/master-thesis/imports/mimicgen/datasets/robot/threading_d1_iiwa.hdf5,/home/bing_TUM/ehrensberger/master-thesis/imports/mimicgen/datasets/robot/threading_d1_panda.hdf5,/home/bing_TUM/ehrensberger/master-thesis/imports/mimicgen/datasets/robot/threading_d0_panda.hdf5,/home/bing_TUM/ehrensberger/master-thesis/imports/mimicgen/datasets/robot/threading_d0_sawyer.hdf5,/home/bing_TUM/ehrensberger/master-thesis/imports/mimicgen/datasets/robot/square_d0_panda.hdf5,/home/bing_TUM/ehrensberger/master-thesis/imports/mimicgen/datasets/robot/square_d1_panda.hdf5,/home/bing_TUM/ehrensberger/master-thesis/imports/mimicgen/datasets/robot/square_d0_ur5e.hdf5,/home/bing_TUM/ehrensberger/master-thesis/imports/mimicgen/datasets/robot/square_d1_sawyer.hdf5,/home/bing_TUM/ehrensberger/master-thesis/imports/mimicgen/datasets/robot/square_d0_sawyer.hdf5,/home/bing_TUM/ehrensberger/master-thesis/imports/mimicgen/datasets/robot/square_d1_ur5e.hdf5,/home/bing_TUM/ehrensberger/master-thesis/imports/mimicgen/datasets/robot/square_d0_iiwa.hdf5,/home/bing_TUM/ehrensberger/master-thesis/imports/mimicgen/datasets/robot/threading_d1_sawyer.hdf5,/home/bing_TUM/ehrensberger/master-thesis/imports/mimicgen/datasets/robot/threading_d1_ur5e.hdf5,/home/bing_TUM/ehrensberger/master-thesis/imports/mimicgen/datasets/robot/threading_d0_ur5e.hdf5,/home/bing_TUM/ehrensberger/master-thesis/imports/mimicgen/datasets/robot/square_d1_iiwa.hdf5,/dss/dssfs04/lwp-dss-0002/pn36ce/pn36ce-dss-0000/ehrensberger/imports/mimicgen/datasets/robot/square_d1_panda.hdf5,/dss/dssfs04/lwp-dss-0002/pn36ce/pn36ce-dss-0000/ehrensberger/imports/mimicgen/datasets/robot/square_d0_ur5e.hdf5,/dss/dssfs04/lwp-dss-0002/pn36ce/pn36ce-dss-0000/ehrensberger/imports/mimicgen/datasets/robot/square_d0_iiwa.hdf5,/dss/dssfs04/lwp-dss-0002/pn36ce/pn36ce-dss-0000/ehrensberger/imports/mimicgen/datasets/robot/threading_d1_ur5e.hdf5,/dss/dssfs04/lwp-dss-0002/pn36ce/pn36ce-dss-0000/ehrensberger/imports/mimicgen/datasets/robot/threading_d0_panda.hdf5,/dss/dssfs04/lwp-dss-0002/pn36ce/pn36ce-dss-0000/ehrensberger/imports/mimicgen/datasets/robot/threading_d1_iiwa.hdf5,/dss/dssfs04/lwp-dss-0002/pn36ce/pn36ce-dss-0000/ehrensberger/imports/mimicgen/datasets/robot/threading_d0_ur5e.hdf5,/dss/dssfs04/lwp-dss-0002/pn36ce/pn36ce-dss-0000/ehrensberger/imports/mimicgen/datasets/robot/threading_d1_sawyer.hdf5,/dss/dssfs04/lwp-dss-0002/pn36ce/pn36ce-dss-0000/ehrensberger/imports/mimicgen/datasets/robot/threading_d1_panda.hdf5,/dss/dssfs04/lwp-dss-0002/pn36ce/pn36ce-dss-0000/ehrensberger/imports/mimicgen/datasets/robot/square_d0_panda.hdf5,/dss/dssfs04/lwp-dss-0002/pn36ce/pn36ce-dss-0000/ehrensberger/imports/mimicgen/datasets/robot/square_d0_sawyer.hdf5,/dss/dssfs04/lwp-dss-0002/pn36ce/pn36ce-dss-0000/ehrensberger/imports/mimicgen/datasets/robot/threading_d0_iiwa.hdf5,/dss/dssfs04/lwp-dss-0002/pn36ce/pn36ce-dss-0000/ehrensberger/imports/mimicgen/datasets/robot/square_d1_sawyer.hdf5,/dss/dssfs04/lwp-dss-0002/pn36ce/pn36ce-dss-0000/ehrensberger/imports/mimicgen/datasets/robot/square_d1_iiwa.hdf5,/dss/dssfs04/lwp-dss-0002/pn36ce/pn36ce-dss-0000/ehrensberger/imports/mimicgen/datasets/robot/threading_d0_sawyer.hdf5,/dss/dssfs04/lwp-dss-0002/pn36ce/pn36ce-dss-0000/ehrensberger/imports/mimicgen/datasets/robot/square_d1_ur5e.hdf5
232,248,194,194,232,136,135,161,155,155,134,138,248,193,248,171,135,161,138,193,194,248,248,248,194,136,155,232,155,171,232,134
232,232,249,215,248,135,156,160,163,138,138,155,248,248,260,160,156,160,155,248,215,232,260,248,249,135,138,232,163,160,248,138
205,211,206,215,241,156,156,134,163,155,155,138,248,241,241,165,156,134,138,241,215,211,241,248,206,156,155,205,163,165,241,155
232,232,233,215,241,135,139,138,138,155,155,165,260,232,232,138,139,138,165,232,215,232,232,260,233,135,155,232,138,138,241,155
232,241,233,212,241,156,135,161,155,134,160,135,205,193,214,155,135,161,135,193,212,241,214,205,233,156,134,232,155,155,241,160
260,241,215,215,241,156,139,138,135,165,155,155,211,214,260,155,139,138,155,214,215,241,260,211,215,156,165,260,135,155,241,155
232,232,233,200,232,135,156,138,161,161,155,135,241,232,232,138,156,138,135,232,200,232,232,241,233,135,161,232,161,138,232,155
232,232,261,215,193,139,164,160,160,138,135,165,248,241,214,135,164,160,165,241,215,232,214,248,261,139,138,232,160,135,193,135
211,260,233,215,214,136,156,138,135,163,134,138,211,232,241,155,156,138,138,232,215,260,241,211,233,136,163,211,135,155,214,134
232,260,249,261,248,139,136,160,165,165,155,134,193,214,248,161,136,160,134,214,261,260,248,193,249,139,165,232,165,161,248,155
232,241,206,200,214,135,156,163,155,161,138,134,241,232,211,163,156,163,134,232,200,241,211,241,206,135,161,232,155,163,214,138
211,248,206,215,214,161,139,155,165,155,134,138,193,241,232,163,139,155,138,241,215,248,232,193,206,161,155,211,165,163,214,134
205,211,261,206,205,135,156,160,160,138,163,171,214,241,260,155,156,160,171,241,206,211,260,214,261,135,138,205,160,155,205,163
232,232,206,261,232,139,135,171,165,171,163,163,211,241,248,163,135,171,163,241,261,232,248,211,206,139,171,232,165,163,232,163
205,211,194,261,248,135,156,161,155,163,155,138,241,232,260,163,156,161,138,232,261,211,260,241,194,135,163,205,155,163,248,155
232,248,215,249,248,156,156,171,163,163,135,155,211,241,214,155,156,171,155,241,249,248,214,211,215,156,163,232,163,155,248,135
232,232,261,249,248,135,139,155,171,165,138,155,211,260,260,155,139,155,155,260,249,232,260,211,261,135,165,232,171,155,248,138
232,232,233,261,232,136,164,160,163,165,155,165,248,232,232,161,164,160,165,232,261,232,232,248,233,136,165,232,163,161,232,155
241,241,212,194,260,161,164,155,163,155,160,134,211,211,232,134,164,155,134,211,194,241,232,211,212,161,155,241,163,134,260,160
193,260,206,242,232,139,139,161,155,155,155,135,232,260,260,165,139,161,135,260,242,260,260,232,206,139,155,193,155,165,232,155
232,205,194,215,193,136,156,160,171,155,163,138,241,260,232,138,156,160,138,260,215,205,232,241,194,136,155,232,171,138,193,163
241,232,200,233,260,156,166,138,161,138,163,134,205,241,193,161,166,138,134,241,233,232,193,205,200,156,138,241,161,161,260,163
241,248,212,261,241,139,156,134,155,161,134,171,205,232,232,163,156,134,171,232,261,248,232,205,212,139,161,241,155,163,241,134
248,232,194,200,232,166,156,165,138,160,135,138,241,260,232,155,156,165,138,260,200,232,232,241,194,166,160,248,138,155,232,135
260,241,233,212,211,161,164,135,155,135,163,163,205,241,260,155,164,135,163,241,212,241,260,205,233,161,135,260,155,155,211,163
211,241,249,242,260,166,166,163,155,163,161,134,260,241,260,165,166,163,134,241,242,241,260,260,249,166,163,211,155,165,260,161
211,214,242,242,193,164,156,171,163,165,135,165,193,211,260,134,156,171,165,211,242,214,260,193,242,164,165,211,163,134,193,135
232,214,212,242,260,139,136,160,163,155,155,165,205,193,241,161,136,160,165,193,242,214,241,205,212,139,155,232,163,161,260,155
260,211,242,233,205,166,136,160,161,163,138,165,260,260,260,155,136,160,165,260,233,211,260,260,242,166,163,260,161,155,205,138
248,193,261,200,205,156,139,160,135,155,155,135,241,260,260,135,139,160,135,260,200,193,260,241,261,156,155,248,135,135,205,155
248,260,249,242,205,161,166,138,134,161,138,155,241,241,241,163,166,138,155,241,242,260,241,241,249,161,161,248,134,163,205,138
232,232,212,261,214,172,156,155,160,171,165,155,211,205,214,165,156,155,155,205,261,232,214,211,212,172,171,232,160,165,214,165
241,241,194,233,214,166,156,135,160,135,161,135,260,193,241,161,156,135,135,193,233,241,241,260,194,166,135,241,160,161,214,161
232,260,242,249,211,161,162,135,155,160,138,138,260,248,241,135,162,135,138,248,249,260,241,260,242,161,160,232,155,135,211,138
214,241,194,194,211,164,139,138,155,165,134,135,193,248,232,135,139,138,135,248,194,241,232,193,194,164,165,214,155,135,211,134
241,248,233,261,193,172,156,134,160,160,165,155,232,241,241,171,156,134,155,241,261,248,241,232,233,172,160,241,160,171,193,165
248,232,194,242,241,156,172,171,163,155,138,155,241,214,232,155,172,171,155,214,242,232,232,241,194,156,155,248,163,155,241,138
232,193,194,200,193,156,156,138,165,134,155,171,193,193,241,171,156,138,171,193,200,193,241,193,194,156,134,232,165,171,193,155
232,241,212,206,193,156,164,165,135,135,155,138,248,211,241,138,164,165,138,211,206,241,241,248,212,156,135,232,135,138,193,155
232,241,233,194,241,156,139,155,155,155,155,135,214,214,232,155,139,155,135,214,194,241,232,214,233,156,155,232,155,155,241,155
260,260,212,212,241,136,161,160,155,135,171,155,205,241,205,165,161,160,155,241,212,260,205,205,212,136,135,260,155,165,241,171
241,232,233,200,232,161,166,155,155,135,155,138,248,241,260,165,166,155,138,241,200,232,260,248,233,161,135,241,155,165,232,155
260,214,206,206,205,136,164,155,155,155,163,134,193,232,232,161,164,155,134,232,206,214,232,193,206,136,155,260,155,161,205,163
211,232,194,194,248,156,156,155,160,163,134,155,211,241,241,155,156,155,155,241,194,232,241,211,194,156,163,211,160,155,248,134
211,232,200,242,248,139,156,135,155,161,155,155,211,248,260,163,156,135,155,248,242,232,260,211,200,139,161,211,155,163,248,155
241,232,233,194,214,162,136,138,161,160,160,165,241,241,248,155,136,138,165,241,194,232,248,241,233,162,160,241,161,155,214,160
232,248,242,206,241,139,139,160,155,155,155,171,241,241,260,135,139,160,171,241,206,248,260,241,242,139,155,232,155,135,241,155
260,232,215,233,241,166,166,155,163,155,171,138,214,232,232,163,166,155,138,232,233,232,232,214,215,166,155,260,163,163,241,171
232,248,212,242,248,156,166,160,163,163,155,135,241,260,241,135,166,160,135,260,242,248,241,241,212,156,163,232,163,135,248,155
205,260,206,249,241,172,164,155,155,134,163,134,248,241,241,138,164,155,134,241,249,260,241,248,206,172,134,205,155,138,241,163
260,248,242,212,214,135,139,134,155,160,165,138,193,241,232,155,139,134,138,241,212,248,232,193,242,135,160,260,155,155,214,165
260,241,194,194,248,164,135,163,155,134,134,135,248,248,232,138,135,163,135,248,194,241,232,248,194,164,134,260,155,138,248,134
248,232,212,215,241,164,139,161,155,135,161,171,193,260,232,155,139,161,171,260,215,232,232,193,212,164,135,248,155,155,241,161
260,232,233,212,214,166,136,163,161,134,138,155,248,214,260,138,136,163,155,214,212,232,260,248,233,166,134,260,161,138,214,138
248,211,233,194,260,172,136,155,134,134,163,155,260,232,232,163,136,155,155,232,194,211,232,260,233,172,134,248,134,163,260,163
232,241,261,206,205,166,139,171,165,138,138,135,199,241,211,165,139,171,135,241,206,241,211,199,261,166,138,232,165,165,205,138
260,232,194,233,248,156,166,160,163,134,135,138,214,232,232,161,166,160,138,232,233,232,232,214,194,156,134,260,163,161,248,135
214,199,200,200,211,156,162,165,135,135,160,165,241,241,214,135,162,165,165,241,200,199,214,241,200,156,135,214,135,135,211,160
260,211,233,212,205,135,139,155,138,155,155,165,260,193,248,161,139,155,165,193,212,211,248,260,233,135,155,260,138,161,205,155
211,232,200,233,260,136,166,155,155,134,155,138,248,205,232,155,166,155,138,205,233,232,232,248,200,136,134,211,155,155,260,155
199,193,261,233,241,164,156,160,155,171,135,165,193,211,232,138,156,160,165,211,233,193,232,193,261,164,171,199,155,138,241,135
248,241,212,261,260,161,156,171,165,163,135,155,211,232,241,135,156,171,155,232,261,241,241,211,212,161,163,248,165,135,260,135
193,241,212,233,241,166,136,138,155,161,155,165,248,232,232,163,136,138,165,232,233,241,232,248,212,166,161,193,155,163,241,155
232,241,200,200,211,136,156,155,155,155,155,134,205,241,248,135,156,155,134,241,200,241,248,205,200,136,155,232,155,135,211,155
241,211,261,200,205,136,136,134,134,171,134,135,205,260,214,161,136,134,135,260,200,211,214,205,261,136,171,241,134,161,205,134
248,232,233,212,260,172,156,155,155,155,155,171,193,241,260,155,156,155,171,241,212,232,260,193,233,172,155,248,155,155,260,155
214,248,215,233,260,166,166,134,155,165,134,135,241,205,193,155,166,134,135,205,233,248,193,241,215,166,165,214,155,155,260,134
205,232,200,215,205,161,139,161,134,135,161,165,193,241,248,134,139,161,165,241,215,232,248,193,200,161,135,205,134,134,205,161
211,232,212,215,241,161,156,155,155,163,155,135,260,232,248,138,156,155,135,232,215,232,248,260,212,161,163,211,155,138,241,155
232,193,194,242,260,156,139,160,161,155,163,165,193,260,232,135,139,160,165,260,242,193,232,193,194,156,155,232,161,135,260,163
232,232,233,242,260,156,136,138,165,135,155,155,260,211,232,135,136,138,155,211,242,232,232,260,233,156,135,232,165,135,260,155
260,193,215,233,260,139,136,163,135,165,138,163,214,232,232,165,136,163,163,232,233,193,232,214,215,139,165,260,135,165,260,138
248,214,233,242,260,172,172,161,155,134,155,165,232,232,241,163,172,161,165,232,242,214,241,232,233,172,134,248,155,163,260,155
260,193,215,212,193,161,164,135,161,134,135,165,260,241,214,135,164,135,165,241,212,193,214,260,215,161,134,260,161,135,193,135
214,260,249,200,248,156,139,155,155,171,155,134,248,241,260,155,139,155,134,241,200,260,260,248,249,156,171,214,155,155,248,155
260,232,233,215,260,162,135,138,165,161,161,135,241,260,241,165,135,138,135,260,215,232,241,241,233,162,161,260,165,165,260,161
232,232,194,200,260,135,161,163,155,155,134,171,241,241,232,161,161,163,171,241,200,232,232,241,194,135,155,232,155,161,260,134
232,211,206,261,193,166,135,155,160,165,163,135,214,241,232,163,135,155,135,241,261,211,232,214,206,166,165,232,160,163,193,163
232,248,242,233,193,166,139,155,155,134,165,155,193,241,241,135,139,155,155,241,233,248,241,193,242,166,134,232,155,135,193,165
232,241,249,206,248,172,166,165,155,163,160,155,232,232,260,155,166,165,155,232,206,241,260,232,249,172,163,232,155,155,248,160
248,241,261,233,232,136,156,155,165,135,165,134,241,241,260,155,156,155,134,241,233,241,260,241,261,136,135,248,165,155,232,165
248,241,233,206,248,135,166,155,155,134,155,135,205,248,232,163,166,155,135,248,206,241,232,205,233,135,134,248,155,163,248,155
260,241,249,194,193,164,135,160,134,138,134,135,241,241,214,135,135,160,135,241,194,241,214,241,249,164,138,260,134,135,193,134
193,232,215,233,241,161,136,161,161,134,155,134,211,232,232,155,136,161,134,232,233,232,232,211,215,161,134,193,161,155,241,155
241,248,233,194,248,139,166,155,163,165,155,138,211,260,260,138,166,155,138,260,194,248,260,211,233,139,165,241,163,138,248,155
199,211,194,206,260,166,166,138,163,155,163,171,241,232,214,160,166,138,171,232,206,211,214,241,194,166,155,199,163,160,260,163
232,260,233,194,205,166,139,161,155,160,171,135,241,260,211,135,139,161,135,260,194,260,211,241,233,166,160,232,155,135,205,171
232,241,233,212,214,139,136,171,163,163,165,134,193,211,260,165,136,171,134,211,212,241,260,193,233,139,163,232,163,165,214,165
241,232,215,212,232,156,156,171,155,165,160,165,193,260,241,155,156,171,165,260,212,232,241,193,215,156,165,241,155,155,232,160
211,232,206,215,193,139,136,161,155,165,135,165,199,232,232,163,136,161,165,232,215,232,232,199,206,139,165,211,155,163,193,135
260,260,194,194,241,161,139,160,155,155,165,163,211,211,211,160,139,160,163,211,194,260,211,211,194,161,155,260,155,160,241,165
241,260,215,261,248,156,156,163,135,155,160,155,260,211,214,134,156,163,155,211,261,260,214,260,215,156,155,241,135,134,248,160
232,211,212,194,214,139,166,155,163,163,163,155,260,211,248,138,166,155,155,211,194,211,248,260,212,139,163,232,163,138,214,163
260,260,206,249,260,162,139,138,163,171,165,165,199,232,232,165,139,138,165,232,249,260,232,199,206,162,171,260,163,165,260,165
260,260,242,200,214,161,172,135,155,135,155,155,260,241,260,155,172,135,155,241,200,260,260,260,242,161,135,260,155,155,214,155
232,232,206,215,205,135,136,161,160,155,161,171,205,232,248,155,136,161,171,232,215,232,248,205,206,135,155,232,160,155,205,161
260,260,233,261,193,135,156,135,135,160,134,138,214,260,232,138,156,135,138,260,261,260,232,214,233,135,160,260,135,138,193,134
214,205,194,261,248,136,156,155,155,155,171,135,211,260,260,138,156,155,135,260,261,205,260,211,194,136,155,214,155,138,248,171
260,241,200,212,248,162,136,138,163,160,135,165,199,248,260,138,136,138,165,248,212,241,260,199,200,162,160,260,163,138,248,135
248,260,249,194,260,136,136,155,135,165,155,155,248,241,214,155,136,155,155,241,194,260,214,248,249,136,165,248,135,155,260,155
232,232,194,233,260,136,164,138,171,155,161,138,214,241,232,165,164,138,138,241,233,232,232,214,194,136,155,232,171,165,260,161
232,260,215,261,241,156,156,155,135,155,135,155,260,193,214,163,156,155,155,193,261,260,214,260,215,156,155,232,135,163,241,135
232,232,194,233,193,135,136,135,161,135,134,138,241,232,232,134,136,135,138,232,233,232,232,241,194,135,135,232,161,134,193,134
241,232,261,233,241,166,135,134,161,160,155,155,241,211,232,135,135,134,155,211,233,232,232,241,261,166,160,241,161,135,241,155
232,232,194,249,232,136,135,155,155,135,155,163,260,232,248,161,135,155,163,232,249,232,248,260,194,136,135,232,155,161,232,155
232,260,233,206,241,139,166,134,155,160,135,155,232,193,232,155,166,134,155,193,206,260,232,232,233,139,160,232,155,155,241,135
248,211,212,261,248,156,156,134,160,155,161,155,232,248,260,138,156,134,155,248,261,211,260,232,212,156,155,248,160,138,248,161
248,211,215,249,199,136,139,155,161,134,135,135,199,214,232,138,139,155,135,214,249,211,232,199,215,136,134,248,161,138,199,135
205,260,215,200,248,156,156,155,155,134,135,171,211,232,232,165,156,155,171,232,200,260,232,211,215,156,134,205,155,165,248,135
248,241,200,212,241,156,136,138,135,165,161,155,260,248,260,161,136,138,155,248,212,241,260,260,200,156,165,248,135,161,241,161
232,232,212,233,193,139,166,165,155,155,155,165,211,241,214,135,166,165,165,241,233,232,214,211,212,139,155,232,155,135,193,155
232,232,194,200,248,139,156,155,138,135,165,135,260,241,241,155,156,155,135,241,200,232,241,260,194,139,135,232,138,155,248,165
248,232,261,233,214,156,161,135,155,155,134,155,214,241,260,171,161,135,155,241,233,232,260,214,261,156,155,248,155,171,214,134
248,241,194,261,214,156,162,155,160,160,155,138,232,241,232,138,162,155,138,241,261,241,232,232,194,156,160,248,160,138,214,155
232,232,212,212,214,139,139,161,155,155,134,171,241,260,232,161,139,161,171,260,212,232,232,241,212,139,155,232,155,161,214,134
232,193,200,206,241,166,164,138,165,160,155,135,193,193,260,161,164,138,135,193,206,193,260,193,200,166,160,232,165,161,241,155
232,248,233,215,248,161,164,155,134,160,155,171,205,232,248,155,164,155,171,232,215,248,248,205,233,161,160,232,134,155,248,155
260,248,206,194,260,172,139,138,155,155,161,165,260,211,241,138,139,138,165,211,194,248,241,260,206,172,155,260,155,138,260,161
232,241,242,261,232,166,162,134,165,155,155,161,241,241,232,161,162,134,161,241,261,241,232,241,242,166,155,232,165,161,232,155
211,193,261,212,211,172,164,160,135,161,155,135,205,248,232,138,164,160,135,248,212,193,232,205,261,172,161,211,135,138,211,155
232,232,242,215,211,136,156,155,135,134,165,138,232,260,232,138,156,155,138,260,215,232,232,232,242,136,134,232,135,138,211,165
232,232,206,249,260,135,139,155,161,160,155,138,241,193,248,161,139,155,138,193,249,232,248,241,206,135,160,232,161,161,260,155
260,211,261,242,193,172,156,138,165,155,155,155,248,193,232,138,156,138,155,193,242,211,232,248,261,172,155,260,165,138,193,155
232,248,206,194,260,135,166,163,163,155,134,134,248,248,214,155,166,163,134,248,194,248,214,248,206,135,155,232,163,155,260,134
248,232,206,242,211,139,166,160,155,165,135,138,193,232,232,135,166,160,138,232,242,232,232,193,206,139,165,248,155,135,211,135
241,260,200,261,241,135,156,160,135,134,155,163,241,232,241,135,156,160,163,232,261,260,241,241,200,135,134,241,135,135,241,155
205,232,242,261,248,172,139,155,171,165,163,135,211,232,214,155,139,155,135,232,261,232,214,211,242,172,165,205,171,155,248,163
248,241,194,249,205,139,162,155,163,171,165,171,248,211,193,161,162,155,171,211,249,241,193,248,194,139,171,248,163,161,205,165
241,211,242,261,248,139,136,155,163,160,161,138,260,211,232,155,136,155,138,211,261,211,232,260,242,139,160,241,163,155,248,161
205,232,215,261,232,161,156,155,155,138,163,165,241,214,214,155,156,155,165,214,261,232,214,241,215,161,138,205,155,155,232,163
232,241,233,233,248,161,139,155,161,135,134,163,241,193,232,155,139,155,163,193,233,241,232,241,233,161,135,232,161,155,248,134
260,248,249,233,205,172,166,155,161,134,155,155,205,241,193,138,166,155,155,241,233,248,193,205,249,172,134,260,161,138,205,155
232,214,261,200,248,139,166,135,155,163,163,171,241,260,232,155,166,135,171,260,200,214,232,241,261,139,163,232,155,155,248,163
248,241,200,194,248,172,172,134,171,135,163,135,214,260,232,138,172,134,135,260,194,241,232,214,200,172,135,248,171,138,248,163
232,248,194,215,241,166,135,155,161,135,160,135,211,260,214,163,135,155,135,260,215,248,214,211,194,166,135,232,161,163,241,160
232,211,200,215,248,166,161,138,135,135,155,134,205,205,232,163,161,138,134,205,215,211,232,205,200,166,135,232,135,163,248,155
211,260,261,215,248,156,166,138,163,161,155,135,193,248,214,155,166,138,135,248,215,260,214,193,261,156,161,211,163,155,248,155
248,232,194,233,248,139,162,163,135,155,135,165,248,214,241,163,162,163,165,214,233,232,241,248,194,139,155,248,135,163,248,135
232,232,215,206,260,172,164,160,155,155,135,138,248,241,241,135,164,160,138,241,206,232,241,248,215,172,155,232,155,135,260,135
232,241,194,233,205,156,161,134,165,155,165,165,211,241,260,160,161,134,165,241,233,241,260,211,194,156,155,232,165,160,205,165
241,232,212,215,211,139,156,163,155,155,134,155,193,260,232,135,156,163,155,260,215,232,232,193,212,139,155,241,155,135,211,134
260,205,212,233,205,164,139,160,171,161,161,165,260,241,260,155,139,160,165,241,233,205,260,260,212,164,161,260,171,155,205,161
211,260,206,249,241,166,161,134,161,135,161,155,248,260,232,135,161,134,155,260,249,260,232,248,206,166,135,211,161,135,241,161
232,241,215,200,241,164,156,138,134,138,155,138,241,241,260,165,156,138,138,241,200,241,260,241,215,164,138,232,134,165,241,155
205,232,212,212,260,136,161,138,160,165,155,171,205,241,232,135,161,138,171,241,212,232,232,205,212,136,165,205,160,135,260,155
214,260,206,212,241,135,166,134,155,155,161,135,211,260,260,155,166,134,135,260,212,260,260,211,206,135,155,214,155,155,241,161
260,248,200,215,241,166,166,138,155,155,155,138,211,214,241,155,166,138,138,214,215,248,241,211,200,166,155,260,155,155,241,155
241,241,261,200,199,162,161,165,160,165,161,155,260,241,241,138,161,165,155,241,200,241,241,260,261,162,165,241,160,138,199,161
241,193,212,194,260,166,139,134,135,155,155,134,205,214,232,138,139,134,134,214,194,193,232,205,212,166,155,241,135,138,260,155
214,260,242,206,248,139,161,163,134,155,135,165,241,260,232,161,161,163,165,260,206,260,232,241,242,139,155,214,134,161,248,135
260,241,233,206,205,136,156,155,155,134,171,165,193,248,248,163,156,155,165,248,206,241,248,193,233,136,134,260,155,163,205,171
260,260,233,212,214,139,164,163,138,163,155,138,211,241,260,155,164,163,138,241,212,260,260,211,233,139,163,260,138,155,214,155
248,248,212,233,248,135,156,155,155,165,155,155,193,260,241,165,156,155,155,260,233,248,241,193,212,135,165,248,155,165,248,155
232,248,249,261,205,166,161,155,138,134,160,155,248,232,248,160,161,155,155,232,261,248,248,248,249,166,134,232,138,160,205,160
193,241,215,194,232,139,135,134,134,155,134,171,193,248,232,135,135,134,171,248,194,241,232,193,215,139,155,193,134,135,232,134
260,260,261,261,241,135,139,138,155,165,135,163,205,193,260,134,139,138,163,193,261,260,260,205,261,135,165,260,155,134,241,135
232,248,261,215,260,135,136,135,155,163,165,171,248,232,260,155,136,135,171,232,215,248,260,248,261,135,163,232,155,155,260,165
232,232,215,261,241,139,166,155,135,163,161,135,248,232,232,160,166,155,135,232,261,232,232,248,215,139,163,232,135,160,241,161
193,241,194,242,248,135,136,134,155,135,135,138,211,248,241,134,136,134,138,248,242,241,241,211,194,135,135,193,155,134,248,135
248,232,242,200,211,139,136,155,155,171,163,165,205,193,241,155,136,155,165,193,200,232,241,205,242,139,171,248,155,155,211,163
241,241,215,261,232,135,166,134,134,155,161,135,260,260,232,171,166,134,135,260,261,241,232,260,215,135,155,241,134,171,232,161
241,193,233,233,205,162,156,155,155,163,161,165,205,241,260,155,156,155,165,241,233,193,260,205,233,162,163,241,155,155,205,161
260,205,206,261,214,135,139,160,155,160,155,134,193,260,211,155,139,160,134,260,261,205,211,193,206,135,160,260,155,155,214,155
232,248,261,200,241,161,139,155,155,161,155,134,260,248,214,134,139,155,134,248,200,248,214,260,261,161,161,232,155,134,241,155
248,241,194,215,241,139,162,155,155,135,163,163,241,241,214,161,162,155,163,241,215,241,214,241,194,139,135,248,155,161,241,163
214,241,242,206,248,166,166,171,161,135,155,155,248,193,248,161,166,171,155,193,206,241,248,248,242,166,135,214,161,161,248,155
260,260,215,194,205,161,166,161,171,155,138,135,241,232,248,134,166,161,135,232,194,260,248,241,215,161,155,260,171,134,205,138
232,205,249,206,241,136,136,155,155,160,160,155,211,241,260,138,136,155,155,241,206,205,260,211,249,136,160,232,155,138,241,160
241,232,242,215,193,166,156,138,160,165,163,171,205,211,232,155,156,138,171,211,215,232,232,205,242,166,165,241,160,155,193,163
248,211,212,194,205,162,156,135,134,134,160,155,241,214,241,155,156,135,155,214,194,211,241,241,212,162,134,248,134,155,205,160
260,241,242,261,211,166,162,161,161,135,135,138,260,260,232,155,162,161,138,260,261,241,232,260,242,166,135,260,161,155,211,135
260,241,233,194,241,166,136,160,155,160,155,155,205,214,260,160,136,160,155,214,194,241,260,205,233,166,160,260,155,160,241,155
232,232,194,194,260,161,136,161,138,163,161,155,211,260,232,160,136,161,155,260,194,232,232,211,194,161,163,232,138,160,260,161
232,232,261,212,248,135,164,163,163,134,163,138,260,232,248,160,164,163,138,232,212,232,248,260,261,135,134,232,163,160,248,163
260,232,194,261,232,162,156,155,135,160,135,171,214,232,260,138,156,155,171,232,261,232,260,214,194,162,160,260,135,138,232,135
232,232,242,194,232,166,156,155,165,161,163,155,248,260,214,135,156,155,155,260,194,232,214,248,242,166,161,232,165,135,232,163
214,232,215,194,211,156,161,165,165,160,134,155,205,260,214,138,161,165,155,260,194,232,214,205,215,156,160,214,165,138,211,134
232,232,261,200,248,166,161,163,171,134,161,155,211,241,241,155,161,163,155,241,200,232,241,211,261,166,134,232,171,155,248,161
241,248,233,194,205,156,161,134,155,160,138,135,241,193,232,155,161,134,135,193,194,248,232,241,233,156,160,241,155,155,205,138
232,193,249,200,205,139,139,155,155,134,161,155,260,248,260,135,139,155,155,248,200,193,260,260,249,139,134,232,155,135,205,161
214,241,242,242,248,166,166,138,161,155,163,138,241,232,232,155,166,138,138,232,242,241,232,241,242,166,155,214,161,155,248,163
232,232,242,249,241,136,136,165,134,171,138,155,214,260,241,161,136,165,155,260,249,232,241,214,242,136,171,232,134,161,241,138
241,211,212,233,241,156,161,134,161,135,163,138,248,241,260,138,161,134,138,241,233,211,260,248,212,156,135,241,161,138,241,163
214,193,242,233,241,139,135,134,155,134,134,138,260,232,199,138,135,134,138,232,233,193,199,260,242,139,134,214,155,138,241,134
248,260,261,212,241,172,164,163,161,165,155,155,248,232,232,171,164,163,155,232,212,260,232,248,261,172,165,248,161,171,241,155
248,232,212,215,214,166,156,155,138,155,161,163,241,205,241,160,156,155,163,205,215,232,241,241,212,166,155,248,138,160,214,161
232,214,200,242,205,139,139,138,134,165,155,155,241,232,248,161,139,138,155,232,242,214,248,241,200,139,165,232,134,161,205,155
241,193,206,233,205,139,135,155,163,163,163,171,193,214,248,138,135,155,171,214,233,193,248,193,206,139,163,241,163,138,205,163
232,248,242,242,214,135,156,161,134,155,135,165,199,260,232,155,156,161,165,260,242,248,232,199,242,135,155,232,134,155,214,135
241,232,206,249,248,135,136,155,161,165,163,134,211,260,214,135,136,155,134,260,249,232,214,211,206,135,165,241,161,135,248,163
193,232,212,249,248,161,166,135,160,163,165,135,241,260,214,165,166,135,135,260,249,232,214,241,212,161,163,193,160,165,248,165
260,248,242,194,260,156,136,155,160,160,135,138,214,260,248,135,136,155,138,260,194,248,248,214,242,156,160,260,160,135,260,135
211,260,242,206,214,135,156,134,160,165,138,155,214,260,260,134,156,134,155,260,206,260,260,214,242,135,165,211,160,134,214,138
241,241,249,242,241,166,139,138,155,160,161,165,193,241,260,160,139,138,165,241,242,241,260,193,249,166,160,241,155,160,241,161
232,232,233,200,241,172,156,165,155,171,134,155,214,241,260,155,156,165,155,241,200,232,260,214,233,172,171,232,155,155,241,134
241,193,212,194,205,139,156,135,161,155,155,138,211,241,241,134,156,135,138,241,194,193,241,211,212,139,155,241,161,134,205,155
232,211,212,233,260,135,161,155,163,155,165,155,211,248,193,134,161,155,155,248,233,211,193,211,212,135,155,232,163,134,260,165
248,214,194,212,214,162,156,138,155,161,165,165,214,193,232,161,156,138,165,193,212,214,232,214,194,162,161,248,155,161,214,165
248,211,242,261,205,135,136,134,155,138,160,155,248,193,260,138,136,134,155,193,261,211,260,248,242,135,138,248,155,138,205,160
232,193,261,233,260,156,156,135,155,135,155,165,211,241,193,161,156,135,165,241,233,193,193,211,261,156,135,232,155,161,260,155
214,232,261,249,260,139,135,163,135,138,134,135,214,260,232,165,135,163,135,260,249,232,232,214,261,139,138,214,135,165,260,134
260,214,261,233,241,135,156,171,155,135,161,165,232,260,214,160,156,171,165,260,233,214,214,232,261,135,135,260,155,160,241,161
260,205,212,200,260,166,172,155,155,165,134,135,248,241,241,163,172,155,135,241,200,205,241,248,212,166,165,260,155,163,260,134
211,260,261,261,193,166,166,155,155,134,155,135,205,193,260,134,166,155,135,193,261,260,260,205,261,166,134,211,155,134,193,155
232,232,206,194,193,156,162,135,161,165,155,165,248,232,260,135,162,135,165,232,194,232,260,248,206,156,165,232,161,135,193,155
260,248,212,242,241,139,164,155,155,155,163,155,248,241,260,155,164,155,155,241,242,248,260,248,212,139,155,260,155,155,241,163
232,193,206,233,211,136,156,160,160,138,160,171,260,232,260,171,156,160,171,232,233,193,260,260,206,136,138,232,160,171,211,160
241,260,249,206,248,139,156,134,155,155,160,165,232,232,211,163,156,134,165,232,206,260,211,232,249,139,155,241,155,163,248,160
248,232,194,233,232,166,136,155,161,165,165,155,205,214,241,161,136,155,155,214,233,232,241,205,194,166,165,248,161,161,232,165
214,241,200,215,248,156,139,160,165,163,155,165,248,241,260,155,139,160,165,241,215,241,260,248,200,156,163,214,165,155,248,155
214,232,215,215,211,156,156,138,163,155,155,155,248,241,241,163,156,138,155,241,215,232,241,248,215,156,155,214,163,163,211,155
232,241,261,212,214,172,164,160,155,155,135,171,260,214,232,135,164,160,171,214,212,241,232,260,261,172,155,232,155,135,214,135
248,232,233,261,214,136,139,160,155,161,161,155,248,211,232,165,139,160,155,211,261,232,232,248,233,136,161,248,155,165,214,161
211,199,194,194,260,172,139,163,155,135,155,138,205,214,241,138,139,163,138,214,194,199,241,205,194,172,135,211,155,138,260,155
260,260,200,215,248,162,135,155,155,165,135,155,248,241,214,171,135,155,155,241,215,260,214,248,200,162,165,260,155,171,248,135
260,241,242,249,260,139,164,135,155,163,135,155,248,211,193,160,164,135,155,211,249,241,193,248,242,139,163,260,155,160,260,135
248,241,242,194,241,161,156,155,155,171,165,163,260,241,232,165,156,155,163,241,194,241,232,260,242,161,171,248,155,165,241,165
232,241,233,206,211,161,139,163,134,155,155,155,248,205,241,138,139,163,155,205,206,241,241,248,233,161,155,232,134,138,211,155
232,260,261,215,193,161,135,160,163,165,155,165,241,241,232,135,135,160,165,241,215,260,232,241,261,161,165,232,163,135,193,155
232,193,200,261,193,161,136,165,163,155,155,138,241,241,232,155,136,165,138,241,261,193,232,241,200,161,155,232,163,155,193,155
232,260,194,261,248,156,166,171,165,155,163,134,211,241,232,163,166,171,134,241,261,260,232,211,194,156,155,232,165,163,248,163
232,232,194,249,211,164,136,160,155,161,160,134,241,232,241,135,136,160,134,232,249,232,241,241,194,164,161,232,155,135,211,160
241,193,233,200,241,162,156,134,135,138,135,165,199,214,214,155,156,134,165,214,200,193,214,199,233,162,138,241,135,155,241,135
248,205,194,215,193,156,156,155,161,161,155,138,241,232,193,155,156,155,138,232,215,205,193,241,194,156,161,248,161,155,193,155
193,232,215,215,193,156,136,155,135,155,165,138,260,232,232,163,136,155,138,232,215,232,232,260,215,156,155,193,135,163,193,165
260,248,233,212,205,139,136,138,160,155,163,155,211,214,241,155,136,138,155,214,212,248,241,211,233,139,155,260,160,155,205,163
260,241,212,212,248,156,156,171,155,171,161,138,248,248,232,165,156,171,138,248,212,241,232,248,212,156,171,260,155,165,248,161
241,241,261,212,248,172,139,165,155,135,155,135,248,232,241,163,139,165,135,232,212,241,241,248,261,172,135,241,155,163,248,155
241,248,200,233,241,156,156,155,155,171,165,135,193,193,260,165,156,155,135,193,233,248,260,193,200,156,171,241,155,165,241,165
241,232,200,215,193,136,161,155,135,155,155,138,205,241,248,134,161,155,138,241,215,232,248,205,200,136,155,241,135,134,193,155
260,214,261,233,248,135,136,155,165,134,155,171,248,193,241,155,136,155,171,193,233,214,241,248,261,135,134,260,165,155,248,155
232,193,212,261,232,172,136,171,134,155,165,155,241,232,260,160,136,171,155,232,261,193,260,241,212,172,155,232,134,160,232,165
232,260,212,233,260,156,136,135,171,163,134,134,211,232,232,163,136,135,134,232,233,260,232,211,212,156,163,232,171,163,260,134
232,260,233,194,205,136,162,155,161,161,163,163,205,232,214,134,162,155,163,232,194,260,214,205,233,136,161,232,161,134,205,163
248,214,200,233,214,156,136,165,155,135,135,155,214,241,232,138,136,165,155,241,233,214,232,214,200,156,135,248,155,138,214,135
193,260,261,261,241,161,136,160,163,134,163,134,248,248,232,138,136,160,134,248,261,260,232,248,261,161,134,193,163,138,241,163
260,248,242,233,241,172,162,155,161,165,160,165,214,248,214,161,162,155,165,248,233,248,214,214,242,172,165,260,161,161,241,160
248,232,233,212,205,156,161,155,163,165,155,155,211,241,232,138,161,155,155,241,212,232,232,211,233,156,165,248,163,138,205,155
232,260,233,261,248,162,164,155,138,165,135,165,248,232,232,163,164,155,165,232,261,260,232,248,233,162,165,232,138,163,248,135
248,241,233,200,248,156,156,155,155,165,160,138,241,214,248,155,156,155,138,214,200,241,248,241,233,156,165,248,155,155,248,160
260,248,215,206,214,135,136,155,155,155,163,138,214,211,241,155,136,155,138,211,206,248,241,214,215,135,155,260,155,155,214,163
241,232,215,194,260,156,135,155,165,163,134,135,248,211,260,155,135,155,135,211,194,232,260,248,215,156,163,241,165,155,260,134
260,260,261,206,193,136,156,155,135,155,135,135,248,241,211,135,156,155,135,241,206,260,211,248,261,136,155,260,135,135,193,135
248,214,200,249,205,156,136,161,155,161,155,134,241,241,214,135,136,161,134,241,249,214,214,241,200,156,161,248,155,135,205,155
232,241,261,242,248,166,156,155,134,161,155,155,193,232,260,134,156,155,155,232,242,241,260,193,261,166,161,232,134,134,248,155
232,260,206,200,205,156,164,155,155,155,163,160,211,232,241,155,164,155,160,232,200,260,241,211,206,156,155,232,155,155,205,163
248,241,212,200,205,156,139,155,160,138,155,135,211,232,211,138,139,155,135,232,200,241,211,211,212,156,138,248,160,138,205,155
193,232,194,261,241,156,164,155,155,135,138,171,211,248,232,138,164,155,171,248,261,232,232,211,194,156,135,193,155,138,241,138
232,260,242,194,241,172,135,155,155,171,134,155,248,241,241,155,135,155,155,241,194,260,241,248,242,172,171,232,155,155,241,134
193,241,242,233,241,136,162,155,135,135,138,135,211,241,232,138,162,155,135,241,233,241,232,211,242,136,135,193,135,138,241,138
232,232,233,233,260,166,156,135,155,161,155,134,214,211,232,161,156,135,134,211,233,232,232,214,233,166,161,232,155,161,260,155
232,241,206,206,248,136,166,138,161,165,155,165,193,248,241,163,166,138,165,248,206,241,241,193,206,136,165,232,161,163,248,155
241,260,249,194,205,156,161,138,155,134,165,155,260,232,193,135,161,138,155,232,194,260,193,260,249,156,134,241,155,135,205,165
214,260,233,206,214,162,166,161,135,155,134,135,214,248,241,134,166,161,135,248,206,260,241,214,233,162,155,214,135,134,214,134
232,260,212,242,214,164,136,160,134,165,155,155,260,232,232,135,136,160,155,232,242,260,232,260,212,164,165,232,134,135,214,155
241,260,261,200,205,156,136,160,163,155,155,138,248,260,260,160,136,160,138,260,200,260,260,248,261,156,155,241,163,160,205,155
232,232,212,200,241,136,135,138,155,171,138,138,241,241,232,135,135,138,138,241,200,232,232,241,212,136,171,232,155,135,241,138
214,211,215,261,248,164,166,155,161,135,155,155,260,214,260,165,166,155,155,214,261,211,260,260,215,164,135,214,161,165,248,155
232,248,215,233,260,135,162,155,163,160,165,155,248,193,232,135,162,155,155,193,233,248,232,248,215,135,160,232,163,135,260,165
241,214,200,261,211,156,164,138,134,155,135,171,260,232,214,155,164,138,171,232,261,214,214,260,200,156,155,241,134,155,211,135
232,260,200,194,232,164,172,134,155,134,163,171,211,214,205,165,172,134,171,214,194,260,205,211,200,164,134,232,155,165,232,163
241,193,212,206,248,172,166,155,171,155,165,165,193,232,232,138,166,155,165,232,206,193,232,193,212,172,155,241,171,138,248,165
241,232,233,200,214,139,136,163,155,155,138,138,205,241,241,155,136,163,138,241,200,232,241,205,233,139,155,241,155,155,214,138
193,260,233,242,241,156,172,163,160,160,155,155,260,241,211,155,172,163,155,241,242,260,211,260,233,156,160,193,160,155,241,155
232,232,212,261,260,162,156,155,160,155,155,155,248,241,193,163,156,155,155,241,261,232,193,248,212,162,155,232,160,163,260,155
232,260,194,200,260,162,156,135,160,161,171,155,248,193,241,135,156,135,155,193,200,260,241,248,194,162,161,232,160,135,260,171
232,232,194,249,241,136,139,155,165,165,160,138,248,211,232,155,139,155,138,211,249,232,232,248,194,136,165,232,165,155,241,160
260,241,242,206,248,139,156,135,155,155,135,155,241,241,232,155,156,135,155,241,206,241,232,241,242,139,155,260,155,155,248,135
248,241,200,233,248,172,172,165,165,155,155,165,199,241,248,163,172,165,165,241,233,241,248,199,200,172,155,248,165,163,248,155
232,232,249,233,241,161,172,163,160,163,160,138,205,241,260,155,172,163,138,241,233,232,260,205,249,161,163,232,160,155,241,160
248,248,233,242,232,166,136,163,138,165,135,135,214,214,248,155,136,163,135,214,242,248,248,214,233,166,165,248,138,155,232,135
232,193,212,249,199,161,139,155,135,160,160,135,232,260,241,135,139,155,135,260,249,193,241,232,212,161,160,232,135,135,199,160
232,232,212,215,248,156,135,135,138,135,160,134,205,193,260,160,135,135,134,193,215,232,260,205,212,156,135,232,138,160,248,160
232,248,212,194,241,172,156,138,160,160,135,163,205,232,214,155,156,138,163,232,194,248,214,205,212,172,160,232,160,155,241,135
248,260,249,233,205,162,156,165,155,161,135,135,241,232,241,135,156,165,135,232,233,260,241,241,249,162,161,248,155,135,205,135
260,260,206,215,241,162,172,155,155,135,161,155,248,241,232,135,172,155,155,241,215,260,232,248,206,162,135,260,155,135,241,161
232,241,249,233,214,162,136,138,160,161,155,171,193,241,232,161,136,138,171,241,233,241,232,193,249,162,161,232,160,161,214,155
241,214,242,261,193,166,161,135,155,134,155,155,260,232,232,161,161,135,155,232,261,214,232,260,242,166,134,241,155,161,193,155
211,241,212,212,260,156,135,155,134,160,160,155,260,260,248,161,135,155,155,260,212,241,248,260,212,156,160,211,134,161,260,160
241,241,249,200,205,156,139,155,155,165,135,155,248,260,214,155,139,155,155,260,200,241,214,248,249,156,165,241,155,155,205,135
260,205,233,206,248,156,166,155,163,134,161,155,211,248,232,161,166,155,155,248,206,205,232,211,233,156,134,260,163,161,248,161
260,248,261,200,260,156,156,165,161,134,155,138,241,193,248,138,156,165,138,193,200,248,248,241,261,156,134,260,161,138,260,155
232,241,249,212,241,162,166,165,138,134,155,155,248,232,232,155,166,165,155,232,212,241,232,248,249,162,134,232,138,155,241,155
248,241,194,200,214,135,166,138,161,160,155,135,248,248,232,135,166,138,135,248,200,241,232,248,194,135,160,248,161,135,214,155
199,241,215,215,248,156,139,163,160,161,135,165,248,241,248,155,139,163,165,241,215,241,248,248,215,156,161,199,160,155,248,135
260,241,194,249,260,166,136,171,163,155,161,165,241,193,260,155,136,171,165,193,249,241,260,241,194,166,155,260,163,155,260,161
193,232,206,200,248,136,156,160,134,155,161,155,260,232,241,160,156,160,155,232,200,232,241,260,206,136,155,193,134,160,248,161
232,260,212,233,248,166,166,163,134,163,155,155,205,248,260,160,166,163,155,248,233,260,260,205,212,166,163,232,134,160,248,155
260,232,242,206,260,161,156,155,134,160,155,155,205,232,232,155,156,155,155,232,206,232,232,205,242,161,160,260,134,155,260,155
232,241,242,212,205,166,164,155,155,165,161,171,199,248,241,155,164,155,171,248,212,241,241,199,242,166,165,232,155,155,205,161
241,232,194,194,193,139,162,163,155,165,163,171,248,241,214,138,162,163,171,241,194,232,214,248,194,139,165,241,155,138,193,163
248,241,233,200,241,139,139,134,135,165,135,135,241,232,241,138,139,134,135,232,200,241,241,241,233,139,165,248,135,138,241,135
232,232,261,242,205,162,166,155,134,165,155,135,260,214,260,135,166,155,135,214,242,232,260,260,261,162,165,232,134,135,205,155
260,232,249,212,214,161,161,155,160,155,160,171,260,241,260,161,161,155,171,241,212,232,260,260,249,161,155,260,160,161,214,160
232,232,212,261,214,136,166,155,134,163,135,155,205,232,232,155,166,155,155,232,261,232,232,205,212,136,163,232,134,155,214,135
214,248,200,261,260,156,156,138,163,135,165,138,193,260,241,155,156,138,138,260,261,248,241,193,200,156,135,214,163,155,260,165
260,214,261,212,260,139,156,160,161,171,163,138,232,205,260,135,156,160,138,205,212,214,260,232,261,139,171,260,161,135,260,163
232,232,242,194,241,156,161,160,171,155,155,134,260,248,232,155,161,160,134,248,194,232,232,260,242,156,155,232,171,155,241,155
193,260,242,215,248,172,156,155,155,155,161,138,214,232,260,161,156,155,138,232,215,260,260,214,242,172,155,193,155,161,248,161
232,241,233,261,260,162,139,160,155,138,165,165,260,241,232,135,139,160,165,241,261,241,232,260,233,162,138,232,155,135,260,165
232,232,249,242,248,156,136,138,134,135,135,155,193,241,260,135,136,138,155,241,242,232,260,193,249,156,135,232,134,135,248,135
248,241,215,200,260,136,166,163,138,155,138,134,241,241,232,160,166,163,134,241,200,241,232,241,215,136,155,248,138,160,260,138
199,241,212,200,241,139,136,155,163,155,135,165,193,241,241,160,136,155,165,241,200,241,241,193,212,139,155,199,163,160,241,135
260,211,242,261,260,166,156,155,134,155,155,165,260,232,260,138,156,155,165,232,261,211,260,260,242,166,155,260,134,138,260,155
260,232,206,212,260,156,166,165,161,134,134,165,248,260,232,161,166,165,165,260,212,232,232,248,206,156,134,260,161,161,260,134
260,241,206,215,205,139,164,138,165,155,163,171,205,211,260,163,164,138,171,211,215,241,260,205,206,139,155,260,165,163,205,163
248,214,194,215,214,166,161,171,155,161,155,171,193,232,241,160,161,171,171,232,215,214,241,193,194,166,161,248,155,160,214,155
232,260,206,261,241,135,156,135,171,155,134,138,260,232,260,138,156,135,138,232,261,260,260,260,206,135,155,232,171,138,241,134
260,260,242,261,241,139,166,165,155,161,163,155,241,232,232,155,166,165,155,232,261,260,232,241,242,139,161,260,155,155,241,163
241,232,249,233,193,166,166,138,160,155,155,155,214,260,260,160,166,138,155,260,233,232,260,214,249,166,155,241,160,160,193,155
260,248,242,206,260,172,166,138,135,134,138,155,248,248,232,135,166,138,155,248,206,248,232,248,242,172,134,260,135,135,260,138
232,260,194,194,214,136,162,134,155,155,165,155,193,232,248,135,162,134,155,232,194,260,248,193,194,136,155,232,155,135,214,165
211,248,233,249,214,136,166,155,163,135,155,163,248,193,248,135,166,155,163,193,249,248,248,248,233,136,135,211,163,135,214,155
241,193,242,206,214,166,156,138,161,155,163,138,248,232,232,155,156,138,138,232,206,193,232,248,242,166,155,241,161,155,214,163
241,241,242,242,193,162,156,160,155,155,138,155,205,241,232,138,156,160,155,241,242,241,232,205,242,162,155,241,155,138,193,138
260,241,261,261,205,161,166,155,171,163,161,138,214,211,260,171,166,155,138,211,261,241,260,214,261,161,163,260,171,171,205,161
211,214,233,233,232,162,166,160,171,160,138,138,205,241,241,135,166,160,138,241,233,214,241,205,233,162,160,211,171,135,232,138
211,260,194,215,232,136,136,171,165,155,165,171,241,232,211,165,136,171,171,232,215,260,211,241,194,136,155,211,165,165,232,165
248,241,233,212,193,161,172,155,155,155,165,155,248,232,248,155,172,155,155,232,212,241,248,248,233,161,155,248,155,155,193,165
214,211,215,200,241,136,162,171,163,135,155,171,248,260,232,155,162,171,171,260,200,211,232,248,215,136,135,214,163,155,241,155
260,232,242,212,241,166,136,155,163,165,155,155,193,205,248,171,136,155,155,205,212,232,248,193,242,166,165,260,163,171,241,155
241,241,233,206,214,156,136,138,134,155,135,171,241,260,232,155,136,138,171,260,206,241,232,241,233,156,155,241,134,155,214,135
248,211,233,233,193,172,135,171,165,155,163,138,205,241,232,155,135,171,138,241,233,211,232,205,233,172,155,248,165,155,193,163
248,241,233,206,214,161,156,155,171,134,171,155,241,241,232,155,156,155,155,241,206,241,232,241,233,161,134,248,171,155,214,171
211,241,215,233,211,156,156,171,171,138,155,165,241,241,260,155,156,171,165,241,233,241,260,241,215,156,138,211,171,155,211,155
232,241,194,212,214,156,156,155,163,155,155,163,248,248,232,160,156,155,163,248,212,241,232,248,194,156,155,232,163,160,214,155
248,232,249,215,241,161,156,163,155,155,171,138,260,232,214,134,156,163,138,232,215,232,214,260,249,161,155,248,155,134,241,171
241,241,215,233,241,136,156,171,171,134,161,165,260,241,211,161,156,171,165,241,233,241,211,260,215,136,134,241,171,161,241,161
214,260,200,261,211,162,136,155,155,138,171,155,211,260,232,138,136,155,155,260,261,260,232,211,200,162,138,214,155,138,211,171
214,193,233,194,241,136,161,135,163,163,155,155,248,248,241,135,161,135,155,248,194,193,241,248,233,136,163,214,163,135,241,155
241,248,215,261,248,156,156,155,160,165,165,155,248,211,260,135,156,155,155,211,261,248,260,248,215,156,165,241,160,135,248,165
232,241,200,261,193,156,139,160,135,155,161,165,211,241,232,138,139,160,165,241,261,241,232,211,200,156,155,232,135,138,193,161
248,232,212,200,193,139,156,155,155,138,155,138,248,248,260,155,156,155,138,248,200,232,260,248,212,139,138,248,155,155,193,155
232,214,233,206,248,156,139,165,165,160,155,155,205,232,248,155,139,165,155,232,206,214,248,205,233,156,160,232,165,155,248,155
232,232,212,215,260,139,156,134,155,155,165,138,260,232,214,155,156,134,138,232,215,232,214,260,212,139,155,232,155,155,260,165
241,260,233,200,248,156,139,171,138,165,134,155,260,211,193,161,139,171,155,211,200,260,193,260,233,156,165,241,138,161,248,134
193,205,215,249,241,139,166,155,165,138,163,138,211,232,260,165,166,155,138,232,249,205,260,211,215,139,138,193,165,165,241,163
211,193,261,261,241,135,166,165,155,155,155,155,241,260,241,138,166,165,155,260,261,193,241,241,261,135,155,211,155,138,241,155
248,241,212,194,193,136,136,161,171,163,163,155,211,214,260,163,136,161,155,214,194,241,260,211,212,136,163,248,171,163,193,163
205,232,215,194,232,166,166,134,135,160,155,135,260,232,232,155,166,134,135,232,194,232,232,260,215,166,160,205,135,155,232,155
232,214,215,212,248,156,156,155,161,165,155,155,241,232,232,138,156,155,155,232,212,214,232,241,215,156,165,232,161,138,248,155
214,205,233,215,232,156,135,134,138,135,161,134,241,232,260,163,135,134,134,232,215,205,260,241,233,156,135,214,138,163,232,161
260,241,261,261,205,166,156,160,155,160,160,155,248,241,232,163,156,160,155,241,261,241,232,248,261,166,160,260,155,163,205,160
241,241,212,261,205,161,166,135,155,135,160,155,241,232,241,155,166,135,155,232,261,241,241,241,212,161,135,241,155,155,205,160
260,260,233,194,260,161,166,135,163,135,165,171,241,241,248,155,166,135,171,241,194,260,248,241,233,161,135,260,163,155,260,165
248,260,194,200,205,139,156,138,165,155,165,138,214,193,260,160,156,138,138,193,200,260,260,214,194,139,155,248,165,160,205,165
211,232,206,206,241,139,161,163,161,171,138,171,260,241,232,135,161,163,171,241,206,232,232,260,206,139,171,211,161,135,241,138
214,241,215,200,193,166,161,171,163,160,135,135,241,241,241,165,161,171,135,241,200,241,241,241,215,166,160,214,163,165,193,135
260,205,249,233,248,161,135,171,155,155,161,165,241,211,260,160,135,171,165,211,233,205,260,241,249,161,155,260,155,160,248,161
214,260,233,233,241,172,139,171,135,155,155,138,248,260,232,138,139,171,138,260,233,260,232,248,233,172,155,214,135,138,241,155
241,232,212,233,232,135,166,135,155,155,135,138,248,248,241,163,166,135,138,248,233,232,241,248,212,135,155,241,155,163,232,135
205,260,212,233,260,166,136,155,155,134,135,155,260,232,260,138,136,155,155,232,233,260,260,260,212,166,134,205,155,138,260,135
193,199,261,233,260,172,162,171,138,163,135,163,248,232,214,155,162,171,163,232,233,199,214,248,261,172,163,193,138,155,260,135
211,193,215,215,193,156,166,135,138,155,161,138,232,241,232,138,166,135,138,241,215,193,232,232,215,156,155,211,138,138,193,161
241,193,194,215,241,161,166,171,155,155,155,155,241,232,260,135,166,171,155,232,215,193,260,241,194,161,155,241,155,135,241,155
260,205,194,249,211,164,164,155,163,155,138,160,193,241,260,135,164,155,160,241,249,205,260,193,194,164,155,260,163,135,211,138
260,232,261,242,241,166,136,171,163,165,163,135,248,214,248,155,136,171,135,214,242,232,248,248,261,166,165,260,163,155,241,163
214,260,215,233,211,166,139,138,155,155,165,155,241,241,193,135,139,138,155,241,233,260,193,241,215,166,155,214,155,135,211,165
232,260,200,212,211,166,139,135,134,134,135,165,214,232,232,171,139,135,165,232,212,260,232,214,200,166,134,232,134,171,211,135
260,232,261,194,241,166,156,138,165,165,161,134,260,232,232,160,156,138,134,232,194,232,232,260,261,166,165,260,165,160,241,161
193,260,206,233,248,161,136,163,160,160,138,135,205,232,248,135,136,163,135,232,233,260,248,205,206,161,160,193,160,135,248,138
232,232,206,194,211,135,164,155,155,155,155,155,214,248,241,165,164,155,155,248,194,232,241,214,206,135,155,232,155,165,211,155
260,214,212,242,248,136,161,161,163,155,161,134,232,241,214,161,161,161,134,241,242,214,214,232,212,136,155,260,163,161,248,161
232,211,233,249,193,136,164,138,134,160,161,135,232,211,232,138,164,138,135,211,249,211,232,232,233,136,160,232,134,138,193,161
241,211,242,242,260,136,135,135,155,160,155,171,241,199,232,161,135,135,171,199,242,211,232,241,242,136,160,241,155,161,260,155
232,232,261,194,211,156,166,134,160,171,163,138,248,214,241,155,166,134,138,214,194,232,241,248,261,156,171,232,160,155,211,163
193,232,194,249,205,162,135,155,163,163,155,135,248,232,232,155,135,155,135,232,249,232,232,248,194,162,163,193,163,155,205,155
232,211,233,200,248,139,136,161,135,155,135,155,211,232,241,134,136,161,155,232,200,211,241,211,233,139,155,232,135,134,248,135
260,248,233,215,248,156,161,165,165,165,135,165,193,241,232,135,161,165,165,241,215,248,232,193,233,156,165,260,165,135,248,135
241,260,249,261,211,172,139,138,155,155,155,138,211,232,248,161,139,138,138,232,261,260,248,211,249,172,155,241,155,161,211,155
260,241,242,233,241,161,156,155,134,155,163,138,241,241,232,138,156,155,138,241,233,241,232,241,242,161,155,260,134,138,241,163
260,248,242,215,241,172,156,155,155,160,138,155,193,232,232,165,156,155,155,232,215,248,232,193,242,172,160,260,155,165,241,138
232,214,242,206,211,172,136,155,165,161,135,155,211,232,241,155,136,155,155,232,206,214,241,211,242,172,161,232,165,155,211,135
211,260,233,242,260,164,139,155,163,165,155,134,205,241,241,161,139,155,134,241,242,260,241,205,233,164,165,211,163,161,260,155
248,232,200,233,241,139,166,134,163,161,155,155,260,241,248,138,166,134,155,241,233,232,248,260,200,139,161,248,163,138,241,155
241,232,200,261,214,166,135,155,161,160,134,155,211,248,214,161,135,155,155,248,261,232,214,211,200,166,160,241,161,161,214,134
260,241,249,261,232,161,166,155,165,155,138,165,248,248,248,165,166,155,165,248,261,241,248,248,249,161,155,260,165,165,232,138
232,211,206,233,193,139,156,161,138,161,155,171,241,241,260,163,156,161,171,241,233,211,260,241,206,139,161,232,138,163,193,155
241,260,249,206,214,166,156,160,155,134,155,135,241,232,232,163,156,160,135,232,206,260,232,241,249,166,134,241,155,163,214,155
241,241,242,249,193,166,139,161,134,163,135,165,232,241,232,135,139,161,165,241,249,241,232,232,242,166,163,241,134,135,193,135
232,232,233,200,211,156,162,163,155,134,165,155,260,214,241,155,162,163,155,214,200,232,241,260,233,156,134,232,155,155,211,165
232,241,200,215,199,156,156,165,155,163,138,138,193,241,232,163,156,165,138,241,215,241,232,193,200,156,163,232,155,163,199,138
193,214,212,212,241,136,139,138,165,165,160,134,260,241,193,155,139,138,134,241,212,214,193,260,212,136,165,193,165,155,241,160
211,232,242,206,248,166,166,160,155,155,155,155,241,241,214,161,166,160,155,241,206,232,214,241,242,166,155,211,155,161,248,155
232,241,242,200,241,135,136,160,155,155,160,135,211,214,232,155,136,160,135,214,200,241,232,211,242,135,155,232,155,155,241,160
248,241,212,261,248,164,136,171,135,163,161,135,214,193,211,155,136,171,135,193,261,241,211,214,212,164,163,248,135,155,248,161
214,260,215,242,241,135,162,160,161,135,163,135,193,241,232,155,162,160,135,241,242,260,232,193,215,135,135,214,161,155,241,163
248,241,215,206,241,161,136,155,155,163,155,155,205,232,248,163,136,155,155,232,206,241,248,205,215,161,163,248,155,163,241,155
241,260,215,212,248,135,139,171,155,135,135,165,193,193,214,160,139,171,165,193,212,260,214,193,215,135,135,241,155,160,248,135
241,241,261,212,241,166,172,165,155,155,155,138,205,205,232,160,172,165,138,205,212,241,232,205,261,166,155,241,155,160,241,155
232,260,261,194,260,156,139,161,163,155,165,135,248,260,260,161,139,161,135,260,194,260,260,248,261,156,155,232,163,161,260,165
232,260,233,206,248,164,164,155,155,161,165,155,232,241,241,135,164,155,155,241,206,260,241,232,233,164,161,232,155,135,248,165
241,241,194,215,248,162,135,135,160,155,138,155,248,248,232,138,135,135,155,248,215,241,232,248,194,162,155,241,160,138,248,138
248,232,249,194,205,156,162,160,163,134,138,134,241,211,211,171,162,160,134,211,194,232,211,241,249,156,134,248,163,171,205,138
211,260,215,233,248,136,156,155,163,163,134,155,193,193,248,163,156,155,155,193,233,260,248,193,215,136,163,211,163,163,248,134
248,260,194,212,211,166,172,135,155,155,134,135,260,232,260,163,172,135,135,232,212,260,260,260,194,166,155,248,155,163,211,134
241,241,242,215,211,136,139,134,155,165,155,163,241,241,232,138,139,134,163,241,215,241,232,241,242,136,165,241,155,138,211,155
241,260,206,200,248,136,156,135,165,134,155,155,248,248,232,163,156,135,155,248,200,260,232,248,206,136,134,241,165,163,248,155
241,232,242,212,214,139,139,135,171,160,155,138,205,232,260,161,139,135,138,232,212,232,260,205,242,139,160,241,171,161,214,155
260,260,206,242,248,139,162,135,163,165,155,171,241,232,248,155,162,135,171,232,242,260,248,241,206,139,165,260,163,155,248,155
193,260,215,212,205,135,139,155,134,160,155,165,241,232,260,155,139,155,165,232,212,260,260,241,215,135,160,193,134,155,205,155
248,211,249,212,193,136,139,134,135,165,160,165,248,232,232,135,139,134,165,232,212,211,232,248,249,136,165,248,135,135,193,160
232,241,200,212,193,156,139,160,155,163,134,165,193,232,241,135,139,160,165,232,212,241,241,193,200,156,163,232,155,135,193,134
214,199,261,242,214,172,139,138,135,163,135,138,205,214,232,138,139,138,138,214,242,199,232,205,261,172,163,214,135,138,214,135
260,260,242,261,248,162,164,160,163,135,161,171,193,241,193,135,164,160,171,241,261,260,193,193,242,162,135,260,163,135,248,161
241,232,233,194,248,156,156,135,160,161,134,155,193,193,248,155,156,135,155,193,194,232,248,193,233,156,161,241,160,155,248,134
232,241,212,200,205,136,136,135,171,135,155,138,211,248,232,165,136,135,138,248,200,241,232,211,212,136,135,232,171,165,205,155
232,241,212,206,214,136,136,135,138,134,135,171,241,214,260,161,136,135,171,214,206,241,260,241,212,136,134,232,138,161,214,135
193,199,233,233,211,156,136,135,161,134,155,171,211,214,232,155,136,135,171,214,233,199,232,211,233,156,134,193,161,155,211,155
232,232,242,194,211,135,135,138,161,155,161,155,211,193,232,138,135,138,155,193,194,232,232,211,242,135,155,232,161,138,211,161
260,193,206,215,260,164,135,160,155,155,160,134,260,211,193,155,135,160,134,211,215,193,193,260,206,164,155,260,155,155,260,160
248,232,215,215,241,166,139,155,134,155,160,134,248,232,248,155,139,155,134,232,215,232,248,248,215,166,155,248,134,155,241,160
241,241,194,212,248,166,139,163,155,134,161,165,248,214,241,155,139,163,165,214,212,241,241,248,194,166,134,241,155,155,248,161
260,232,194,261,205,164,156,155,155,163,155,163,193,232,248,161,156,155,163,232,261,232,248,193,194,164,163,260,155,161,205,155
232,232,233,200,248,156,166,171,138,155,155,165,260,232,199,155,166,171,165,232,200,232,199,260,233,156,155,232,138,155,248,155
205,260,194,242,248,156,164,160,155,134,161,165,241,241,241,135,164,160,165,241,242,260,241,241,194,156,134,205,155,135,248,161
260,211,212,233,193,139,166,155,161,135,138,165,232,241,260,155,166,155,165,241,233,211,260,232,212,139,135,260,161,155,193,138
241,241,200,233,260,135,156,155,155,155,138,165,248,232,260,138,156,155,165,232,233,241,260,248,200,135,155,241,155,138,260,138
232,260,233,261,241,139,166,165,160,155,138,155,214,241,260,155,166,165,155,241,261,260,260,214,233,139,155,232,160,155,241,138
248,232,215,215,260,166,166,155,163,165,134,155,241,241,232,138,166,155,155,241,215,232,232,241,215,166,165,248,163,138,260,134
232,260,212,200,205,139,139,160,161,134,163,155,241,248,211,160,139,160,155,248,200,260,211,241,212,139,134,232,161,160,205,163
232,232,233,242,205,139,166,134,155,155,160,134,193,260,241,134,166,134,134,260,242,232,241,193,233,139,155,232,155,134,205,160
232,232,215,261,241,156,139,165,155,165,155,171,241,241,232,155,139,165,171,241,261,232,232,241,215,156,165,232,155,155,241,155
260,232,200,233,241,172,139,135,155,163,134,135,260,241,241,163,139,135,135,241,233,232,241,260,200,172,163,260,155,163,241,134
260,232,249,233,241,135,156,155,155,155,138,165,205,232,241,161,156,155,165,232,233,232,241,205,249,135,155,260,155,161,241,138
260,232,261,261,214,156,166,135,160,135,165,155,211,193,260,161,166,135,155,193,261,232,260,211,261,156,135,260,160,161,214,165
232,260,215,212,214,164,156,161,134,134,163,138,248,248,232,135,156,161,138,248,212,260,232,248,215,164,134,232,134,135,214,163
232,260,215,249,241,156,162,135,134,165,135,135,241,193,193,135,162,135,135,193,249,260,193,241,215,156,165,232,134,135,241,135
260,232,206,233,205,166,136,161,155,155,155,135,241,260,248,135,136,161,135,260,233,232,248,241,206,166,155,260,155,135,205,155
205,241,212,261,241,166,156,155,161,155,163,171,260,199,232,155,156,155,171,199,261,241,232,260,212,166,155,205,161,155,241,163
260,260,212,206,232,136,156,135,161,138,165,165,241,241,260,138,156,135,165,241,206,260,260,241,212,136,138,260,161,138,232,165
260,232,194,242,248,161,166,155,155,160,165,134,205,232,248,155,166,155,134,232,242,232,248,205,194,161,160,260,155,155,248,165
214,232,261,233,248,135,166,138,155,165,155,171,205,232,232,155,166,138,171,232,233,232,232,205,261,135,165,214,155,155,248,155
199,260,261,261,211,172,156,134,134,155,161,165,241,260,193,135,156,134,165,260,261,260,193,241,261,172,155,199,134,135,211,161
241,232,242,242,214,139,156,155,160,155,138,171,211,241,232,163,156,155,171,241,242,232,232,211,242,139,155,241,160,163,214,138
232,260,200,233,248,136,139,165,155,155,163,135,205,232,248,161,139,165,135,232,233,260,248,205,200,136,155,232,155,161,248,163
199,248,233,261,241,166,139,135,155,165,135,135,241,260,241,165,139,135,135,260,261,248,241,241,233,166,165,199,155,165,241,135
232,248,206,194,260,139,156,163,161,161,161,135,211,260,232,155,156,163,135,260,194,248,232,211,206,139,161,232,161,155,260,161
232,232,206,215,260,135,162,163,135,155,171,165,205,241,214,135,162,163,165,241,215,232,214,205,206,135,155,232,135,135,260,171
248,248,261,233,214,166,156,155,155,155,160,134,241,232,248,135,156,155,134,232,233,248,248,241,261,166,155,248,155,135,214,160
248,241,261,194,241,166,172,163,155,160,135,138,211,193,260,135,172,163,138,193,194,241,260,211,261,166,160,248,155,135,241,135
241,241,212,261,205,136,156,160,134,161,160,135,241,241,214,163,156,160,135,241,261,241,214,241,212,136,161,241,134,163,205,160
241,248,233,212,260,139,136,155,155,165,134,155,248,241,232,134,136,155,155,241,212,248,232,248,233,139,165,241,155,134,260,134
232,232,233,242,214,139,156,138,135,163,155,155,214,241,241,165,156,138,155,241,242,232,241,214,233,139,163,232,135,165,214,155
232,248,200,233,193,164,136,155,155,163,135,171,232,241,232,165,136,155,171,241,233,248,232,232,200,164,163,232,155,165,193,135
214,241,233,261,232,172,136,135,155,155,161,138,241,193,199,155,136,135,138,193,261,241,199,241,233,172,155,214,155,155,232,161
260,232,215,215,241,166,136,171,135,134,138,171,214,248,232,155,136,171,171,248,215,232,232,214,215,166,134,260,135,155,241,138
260,232,200,233,241,136,162,135,161,165,171,171,205,232,232,155,162,135,171,232,233,232,232,205,200,136,165,260,161,155,241,171
241,241,261,242,193,164,156,161,134,155,134,135,241,232,248,155,156,161,135,232,242,241,248,241,261,164,155,241,134,155,193,134
214,248,242,233,211,136,156,163,155,155,163,165,241,214,193,171,156,163,165,214,233,248,193,241,242,136,155,214,155,171,211,163
214,193,233,249,214,166,135,155,161,155,163,135,260,232,232,135,135,155,135,232,249,193,232,260,233,166,155,214,161,135,214,163
211,241,194,233,241,164,136,135,135,135,160,135,205,260,232,138,136,135,135,260,233,241,232,205,194,164,135,211,135,138,241,160
232,232,242,212,205,156,139,135,161,161,155,155,241,241,232,134,139,135,155,241,212,232,232,241,242,156,161,232,161,134,205,155
248,260,215,233,260,156,166,163,160,161,138,138,248,193,241,135,166,163,138,193,233,260,241,248,215,156,161,248,160,135,260,138
260,248,215,233,214,135,166,134,138,138,135,135,214,248,248,135,166,134,135,248,233,248,248,214,215,135,138,260,138,135,214,135
248,214,242,261,214,166,166,138,161,135,155,155,193,260,241,155,166,138,155,260,261,214,241,193,242,166,135,248,161,155,214,155
260,211,249,194,193,139,172,165,160,134,165,135,232,232,232,163,172,165,135,232,194,211,232,232,249,139,134,260,160,163,193,165
241,248,233,215,205,156,139,138,155,161,155,138,241,232,241,155,139,138,138,232,215,248,241,241,233,156,161,241,155,155,205,155
205,211,249,249,260,162,139,135,160,160,160,155,248,232,232,155,139,135,155,232,249,211,232,248,249,162,160,205,160,155,260,160
193,241,242,212,232,156,166,135,155,160,155,165,232,211,232,161,166,135,165,211,212,241,232,232,242,156,160,193,155,161,232,155
232,260,194,249,260,156,164,155,155,134,135,135,193,241,232,135,164,155,135,241,249,260,232,193,194,156,134,232,155,135,260,135
232,241,233,249,193,162,135,134,138,163,155,138,248,241,232,163,135,134,138,241,249,241,232,248,233,162,163,232,138,163,193,155
211,260,233,200,260,139,139,155,135,135,135,163,214,211,260,135,139,155,163,211,200,260,260,214,233,139,135,211,135,135,260,135
211,232,215,215,241,161,156,135,163,161,161,138,193,260,260,165,156,135,138,260,215,232,260,193,215,161,161,211,163,165,241,161
232,248,200,233,193,161,164,155,134,155,165,138,241,260,232,134,164,155,138,260,233,248,232,241,200,161,155,232,134,134,193,165
232,205,212,249,211,166,166,161,155,160,134,165,211,241,248,138,166,161,165,241,249,205,248,211,212,166,160,232,155,138,211,134
241,248,206,233,248,135,139,165,135,160,161,138,211,232,232,165,139,165,138,232,233,248,232,211,206,135,160,241,135,165,248,161
232,241,249,233,241,156,166,171,161,160,161,135,193,232,232,135,166,171,135,232,233,241,232,193,249,156,160,232,161,135,241,161
260,241,249,215,193,156,161,160,135,155,165,135,260,241,214,134,161,160,135,241,215,241,214,260,249,156,155,260,135,134,193,165
260,193,206,249,214,166,156,155,135,160,155,138,232,260,248,171,156,155,138,260,249,193,248,232,206,166,160,260,135,171,214,155
232,241,233,261,241,166,136,138,155,155,155,155,211,232,260,134,136,138,155,232,261,241,260,211,233,166,155,232,155,134,241,155
232,232,261,194,260,166,162,160,138,163,161,138,232,260,232,155,162,160,138,260,194,232,232,232,261,166,163,232,138,155,260,161
248,205,212,261,241,166,136,135,134,160,165,138,205,193,248,138,136,135,138,193,261,205,248,205,212,166,160,248,134,138,241,165
214,248,233,261,232,166,136,155,135,160,138,165,260,232,241,155,136,155,165,232,261,248,241,260,233,166,160,214,135,155,232,138
232,232,233,233,193,136,166,155,160,160,165,165,241,260,260,165,166,155,165,260,233,232,260,241,233,136,160,232,160,165,193,165
260,232,200,212,193,161,136,163,165,160,155,165,248,193,260,155,136,163,165,193,212,232,260,248,200,161,160,260,165,155,193,155
193,260,261,215,260,139,136,138,163,155,161,155,211,260,260,135,136,138,155,260,215,260,260,211,261,139,155,193,163,135,260,161
241,260,242,212,241,139,161,155,155,134,155,138,214,241,260,135,161,155,138,241,212,260,260,214,242,139,134,241,155,135,241,155
232,260,261,249,241,166,139,155,155,155,161,138,260,241,232,135,139,155,138,241,249,260,232,260,261,166,155,232,155,135,241,161
260,211,233,206,260,136,156,160,135,171,135,155,205,241,232,160,156,160,155,241,206,211,232,205,233,136,171,260,135,160,260,135
232,241,194,215,241,166,139,163,155,155,134,155,248,232,232,161,139,163,155,232,215,241,232,248,194,166,155,232,155,161,241,134
214,241,194,212,248,136,139,160,155,155,160,165,232,232,205,155,139,160,165,232,212,241,205,232,194,136,155,214,155,155,248,160
260,248,206,212,248,161,135,134,171,165,165,171,211,241,211,135,135,134,171,241,212,248,211,211,206,161,165,260,171,135,248,165
232,241,212,261,193,161,139,155,155,160,155,134,205,241,248,161,139,155,134,241,261,241,248,205,212,161,160,232,155,161,193,155
232,260,249,212,214,166,166,155,160,134,138,155,248,241,214,155,166,155,155,241,212,260,214,248,249,166,134,232,160,155,214,138
248,260,242,233,241,172,156,135,134,160,135,165,248,232,241,155,156,135,165,232,233,260,241,248,242,172,160,248,134,155,241,135
260,205,249,212,241,139,156,160,161,163,155,138,199,260,232,165,156,160,138,260,212,205,232,199,249,139,163,260,161,165,241,155
232,260,249,233,260,136,135,160,135,155,135,155,248,241,241,155,135,160,155,241,233,260,241,248,249,136,155,232,135,155,260,135
205,232,233,242,232,156,139,160,155,135,155,165,248,232,211,161,139,160,165,232,242,232,211,248,233,156,135,205,155,161,232,155
232,193,249,215,248,139,136,155,134,165,160,155,248,260,260,135,136,155,155,260,215,193,260,248,249,139,165,232,134,135,248,160
232,241,212,200,248,166,166,165,163,163,138,138,241,248,232,155,166,165,138,248,200,241,232,241,212,166,163,232,163,155,248,138
241,232,249,212,248,139,166,155,165,161,135,138,193,232,232,163,166,155,138,232,212,232,232,193,249,139,161,241,165,163,248,135
211,241,233,261,248,135,139,165,135,160,165,134,205,232,248,135,139,165,134,232,261,241,248,205,233,135,160,211,135,135,248,165
232,241,194,206,241,166,135,138,155,155,163,171,241,241,232,155,135,138,171,241,206,241,232,241,194,166,155,232,155,155,241,163
260,199,194,233,248,161,136,135,155,160,161,165,248,211,260,155,136,135,165,211,233,199,260,248,194,161,160,260,155,155,248,161
232,248,215,261,241,161,136,163,155,160,161,165,205,232,232,134,136,163,165,232,261,248,232,205,215,161,160,232,155,134,241,161
232,232,249,242,193,136,164,165,171,155,163,138,205,214,232,138,164,165,138,214,242,232,232,205,249,136,155,232,171,138,193,163
248,260,261,194,211,166,136,155,155,165,163,155,241,241,232,135,136,155,155,241,194,260,232,241,261,166,165,248,155,135,211,163
241,193,249,233,241,136,156,160,165,161,160,135,211,193,232,138,156,160,135,193,233,193,232,211,249,136,161,241,165,138,241,160
232,232,261,249,232,172,135,163,163,163,155,138,211,241,241,163,135,163,138,241,249,232,241,211,261,172,163,232,163,163,232,155
232,232,206,206,205,156,136,155,161,155,161,165,260,248,260,163,136,155,165,248,206,232,260,260,206,156,155,232,161,163,205,161
241,205,194,261,193,139,166,163,155,163,134,171,214,241,232,155,166,163,171,241,261,205,232,214,194,139,163,241,155,155,193,134
241,211,215,261,248,172,136,165,155,160,155,155,193,241,248,155,136,165,155,241,261,211,248,193,215,172,160,241,155,155,248,155
232,248,212,261,260,166,164,160,134,163,155,155,211,232,260,155,164,160,155,232,261,248,260,211,212,166,163,232,134,155,260,155
232,232,212,212,193,156,156,155,160,163,161,138,241,260,232,155,156,155,138,260,212,232,232,241,212,156,163,232,160,155,193,161
260,232,206,233,205,139,172,161,155,155,160,165,205,260,260,165,172,161,165,260,233,232,260,205,206,139,155,260,155,165,205,160
232,193,215,261,248,136,139,134,163,155,165,135,232,193,232,165,139,134,135,193,261,193,232,232,215,136,155,232,163,165,248,165
248,232,261,242,205,164,156,160,138,155,165,155,193,232,232,135,156,160,155,232,242,232,232,193,261,164,155,248,138,135,205,165
232,205,194,215,248,166,136,165,163,155,161,155,248,232,241,165,136,165,155,232,215,205,241,248,194,166,155,232,163,165,248,161
232,232,200,261,241,166,156,155,155,135,163,155,211,241,260,134,156,155,155,241,261,232,260,211,200,166,135,232,155,134,241,163
260,232,200,212,211,166,135,134,163,135,155,138,214,248,232,155,135,134,138,248,212,232,232,214,200,166,135,260,163,155,211,155
232,248,242,261,193,172,156,160,163,155,134,155,211,248,232,160,156,160,155,248,261,248,232,211,242,172,155,232,163,160,193,134
232,232,194,212,241,136,136,155,155,161,161,135,241,214,232,155,136,155,135,214,212,232,232,241,194,136,161,232,155,155,241,161
248,232,242,212,248,172,156,155,165,155,161,165,260,241,232,155,156,155,165,241,212,232,232,260,242,172,155,248,165,155,248,161
214,232,215,233,241,161,156,155,155,171,161,171,193,248,241,160,156,155,171,248,233,232,241,193,215,161,171,214,155,160,241,161
232,232,194,194,241,135,156,155,155,138,163,171,241,248,248,165,156,155,171,248,194,232,248,241,194,135,138,232,155,165,241,163
232,232,233,215,232,162,166,135,155,138,135,163,260,214,232,138,166,135,163,214,215,232,232,260,233,162,138,232,155,138,232,135
232,214,233,242,193,156,136,165,134,161,138,138,248,232,260,138,136,165,138,232,242,214,260,248,233,156,161,232,134,138,193,138
260,211,206,215,241,161,164,161,160,160,138,155,248,214,211,155,164,161,155,214,215,211,211,248,206,161,160,260,160,155,241,138
232,248,215,249,205,172,166,155,134,134,165,165,248,193,260,163,166,155,165,193,249,248,260,248,215,172,134,232,134,163,205,165
260,232,249,261,241,136,156,134,160,171,161,155,241,241,260,155,156,134,155,241,261,232,260,241,249,136,171,260,160,155,241,161
248,232,194,249,248,161,164,134,160,155,135,138,232,241,211,161,164,134,138,241,249,232,211,232,194,161,155,248,160,161,248,135
232,232,200,194,214,135,136,155,134,138,161,165,205,260,241,161,136,155,165,260,194,232,241,205,200,135,138,232,134,161,214,161
241,193,233,233,193,136,156,155,155,161,155,134,248,241,199,155,156,155,134,241,233,193,199,248,233,136,161,241,155,155,193,155
248,260,206,261,241,172,156,161,163,161,161,135,248,241,193,155,156,161,135,241,261,260,193,248,206,172,161,248,163,155,241,161
232,241,249,261,241,162,135,138,135,160,163,165,241,232,211,155,135,138,165,232,261,241,211,241,249,162,160,232,135,155,241,163
248,205,233,212,193,166,156,163,163,160,161,171,211,241,232,135,156,163,171,241,212,205,232,211,233,166,160,248,163,135,193,161
232,260,261,215,193,156,166,155,135,160,160,155,241,199,248,138,166,155,155,199,215,260,248,241,261,156,160,232,135,138,193,160
232,260,261,215,241,135,136,138,163,165,138,135,248,241,232,155,136,138,135,241,215,260,232,248,261,135,165,232,163,155,241,138
260,205,261,261,205,166,156,138,155,155,161,134,205,248,214,134,156,138,134,248,261,205,214,205,261,166,155,260,155,134,205,161
260,241,194,215,241,135,136,135,155,165,155,135,193,232,241,155,136,135,135,232,215,241,241,193,194,135,165,260,155,155,241,155
248,214,233,233,260,156,156,160,135,165,134,165,211,232,260,138,156,160,165,232,233,214,260,211,233,156,165,248,135,138,260,134
248,232,261,215,193,156,156,155,160,165,161,134,248,260,241,155,156,155,134,260,215,232,241,248,261,156,165,248,160,155,193,161
232,260,200,261,260,139,139,138,161,155,155,155,241,232,248,135,139,138,155,232,261,260,248,241,200,139,155,232,161,135,260,155
260,241,212,206,241,162,172,163,155,171,161,161,260,232,232,135,172,163,161,232,206,241,232,260,212,162,171,260,155,135,241,161
260,193,212,261,248,161,161,171,138,138,165,155,211,260,260,155,161,171,155,260,261,193,260,211,212,161,138,260,138,155,248,165
232,248,215,200,248,156,156,138,161,155,155,165,205,241,214,155,156,138,165,241,200,248,214,205,215,156,155,232,161,155,248,155
260,260,215,215,232,136,156,165,155,160,163,155,205,232,214,155,156,165,155,232,215,260,214,205,215,136,160,260,155,155,232,163
232,241,249,194,193,136,139,134,134,165,135,165,241,241,260,161,139,134,165,241,194,241,260,241,249,136,165,232,134,161,193,135
241,232,212,242,205,139,172,155,135,155,155,155,241,241,260,135,172,155,155,241,242,232,260,241,212,139,155,241,135,135,205,155
260,248,206,215,241,161,136,165,155,155,165,134,260,241,241,161,136,165,134,241,215,248,241,260,206,161,155,260,155,161,241,165
232,260,194,215,193,136,164,138,155,155,155,135,241,241,248,155,164,138,135,241,215,260,248,241,194,136,155,232,155,155,193,155
232,241,233,233,248,139,136,155,134,165,165,155,193,260,260,155,136,155,155,260,233,241,260,193,233,139,165,232,134,155,248,165
241,248,215,261,248,136,139,160,134,163,160,165,193,232,260,155,139,160,165,232,261,248,260,193,215,136,163,241,134,155,248,160
232,232,206,261,232,136,166,138,171,155,155,138,248,241,260,161,166,138,138,241,261,232,260,248,206,136,155,232,171,161,232,155
241,214,212,200,214,139,135,135,161,160,155,163,232,232,248,155,135,135,163,232,200,214,248,232,212,139,160,241,161,155,214,155
214,248,200,206,260,156,139,138,135,138,155,138,241,248,232,161,139,138,138,248,206,248,232,241,200,156,138,214,135,161,260,155
211,205,249,215,193,166,161,155,171,161,155,155,193,248,193,135,161,155,155,248,215,205,193,193,249,166,161,211,171,135,193,155
248,232,233,215,241,135,136,135,161,163,163,163,248,193,232,155,136,135,163,193,215,232,232,248,233,135,163,248,161,155,241,163
232,241,200,242,214,156,136,135,135,155,161,165,214,241,260,155,136,135,165,241,242,241,260,214,200,156,155,232,135,155,214,161
214,232,249,194,248,161,162,163,161,134,155,155,260,232,241,163,162,163,155,232,194,232,241,260,249,161,134,214,161,163,248,155
241,241,233,212,211,156,139,155,138,155,155,155,211,241,232,135,139,155,155,241,212,241,232,211,233,156,155,241,138,135,211,155
232,232,215,242,205,162,156,163,161,155,155,165,260,205,232,135,156,163,165,205,242,232,232,260,215,162,155,232,161,135,205,155
241,214,206,212,260,139,164,134,163,163,163,155,193,232,199,155,164,134,155,232,212,214,199,193,206,139,163,241,163,155,260,163
232,211,215,261,241,166,166,160,155,155,155,134,205,241,260,155,166,160,134,241,261,211,260,205,215,166,155,232,155,155,241,155
232,232,242,194,232,139,164,163,134,138,163,165,260,241,260,165,164,163,165,241,194,232,260,260,242,139,138,232,134,165,232,163
241,260,212,242,248,139,156,138,165,160,155,155,260,241,241,135,156,138,155,241,242,260,241,260,212,139,160,241,165,135,248,155
241,211,215,233,214,136,156,163,155,135,155,155,248,232,232,135,156,163,155,232,233,211,232,248,215,136,135,241,155,135,214,155
248,260,215,215,193,136,161,163,135,134,155,135,260,193,193,135,161,163,135,193,215,260,193,260,215,136,134,248,135,135,193,155
232,232,194,212,205,172,156,155,155,171,163,165,214,193,241,163,156,155,165,193,212,232,241,214,194,172,171,232,155,163,205,163
232,248,206,212,232,135,135,160,135,155,161,134,248,214,260,135,135,160,134,214,212,248,260,248,206,135,155,232,135,135,232,161
248,232,194,194,232,139,156,155,155,134,163,135,205,193,214,135,156,155,135,193,194,232,214,205,194,139,134,248,155,135,232,163
214,232,261,215,248,166,156,155,155,155,155,138,232,241,193,163,156,155,138,241,215,232,193,232,261,166,155,214,155,163,248,155
232,232,261,233,260,172,135,163,155,155,135,171,199,232,214,155,135,163,171,232,233,232,214,199,261,172,155,232,155,155,260,135
205,260,261,261,241,136,161,135,160,165,165,155,248,232,260,155,161,135,155,232,261,260,260,248,261,136,165,205,160,155,241,165
232,260,194,215,241,135,166,138,161,165,155,134,241,232,260,135,166,138,134,232,215,260,260,241,194,135,165,232,161,135,241,155
248,232,212,233,205,166,172,171,160,163,155,165,214,241,241,165,172,171,165,241,233,232,241,214,212,166,163,248,160,165,205,155
232,232,233,206,205,166,156,165,135,163,171,165,248,248,241,165,156,165,165,248,206,232,241,248,233,166,163,232,135,165,205,171
211,211,200,194,241,172,135,155,161,163,163,138,248,193,232,155,135,155,138,193,194,211,232,248,200,172,163,211,161,155,241,163
232,260,212,261,214,139,156,163,165,160,163,165,260,193,241,160,156,163,165,193,261,260,241,260,212,139,160,232,165,160,214,163
241,241,233,194,211,166,135,155,138,163,138,165,248,232,211,163,135,155,165,232,194,241,211,248,233,166,163,241,138,163,211,138
260,211,200,212,248,161,166,160,160,160,161,163,241,241,214,155,166,160,163,241,212,211,214,241,200,161,160,260,160,155,248,161
260,248,200,215,205,139,135,165,138,155,163,135,232,260,205,138,135,165,135,260,215,248,205,232,200,139,155,260,138,138,205,163
241,232,242,242,248,135,139,163,163,134,163,165,214,232,232,155,139,163,165,232,242,232,232,214,242,135,134,241,163,155,248,163
260,205,212,215,193,135,139,155,161,161,161,135,260,260,260,163,139,155,135,260,215,205,260,260,212,135,161,260,161,163,193,161
260,260,206,212,248,156,162,155,135,155,155,135,211,260,241,155,162,155,135,260,212,260,241,211,206,156,155,260,135,155,248,155
232,211,233,233,241,166,139,163,135,160,160,163,232,241,193,155,139,163,163,241,233,211,193,232,233,166,160,232,135,155,241,160
232,260,200,233,260,162,166,134,155,165,134,138,248,232,232,155,166,134,138,232,233,260,232,248,200,162,165,232,155,155,260,134
260,232,206,206,248,172,156,138,163,155,155,135,260,232,232,155,156,138,135,232,206,232,232,260,206,172,155,260,163,155,248,155
260,248,242,206,260,156,139,155,155,155,155,138,260,232,241,155,139,155,138,232,206,248,241,260,242,156,155,260,155,155,260,155
214,241,261,233,232,139,161,134,161,160,171,165,241,232,248,165,161,134,165,232,233,241,248,241,261,139,160,214,161,165,232,171
260,232,206,233,214,156,166,155,160,155,165,155,260,214,232,161,166,155,155,214,233,232,232,260,206,156,155,260,160,161,214,165
232,260,261,194,232,139,172,160,160,155,135,138,241,241,260,155,172,160,138,241,194,260,260,241,261,139,155,232,160,155,232,135
241,205,206,200,193,136,139,163,155,165,163,171,232,232,193,163,139,163,171,232,200,205,193,232,206,136,165,241,155,163,193,163
260,241,206,249,260,166,156,155,165,163,135,155,248,232,232,138,156,155,155,232,249,241,232,248,206,166,163,260,165,138,260,135
260,193,233,194,193,136,139,138,135,155,163,138,248,205,232,134,139,138,138,205,194,193,232,248,233,136,155,260,135,134,193,163
211,214,212,261,248,136,156,161,163,155,134,155,193,241,232,171,156,161,155,241,261,214,232,193,212,136,155,211,163,171,248,134
211,193,206,200,211,161,161,155,155,163,155,171,232,260,232,163,161,155,171,260,200,193,232,232,206,161,163,211,155,163,211,155
232,241,261,212,248,164,162,171,163,161,134,138,248,241,248,161,162,171,138,241,212,241,248,248,261,164,161,232,163,161,248,134
241,232,242,206,205,172,136,135,171,160,135,155,214,241,241,155,136,135,155,241,206,232,241,214,242,172,160,241,171,155,205,135
248,241,233,261,248,166,162,161,135,135,135,134,241,241,260,155,162,161,134,241,261,241,260,241,233,166,135,248,135,155,248,135
232,241,233,200,193,162,161,163,155,165,155,138,248,260,232,135,161,163,138,260,200,241,232,248,233,162,165,232,155,135,193,155
211,260,212,200,260,166,166,138,163,171,160,165,211,232,232,160,166,138,165,232,200,260,232,211,212,166,171,211,163,160,260,160
232,241,212,194,241,135,136,135,165,155,134,134,241,241,248,134,136,135,134,241,194,241,248,241,212,135,155,232,165,134,241,134
241,232,261,194,193,164,139,163,155,135,163,165,260,193,232,161,139,163,165,193,194,232,232,260,261,164,135,241,155,161,193,163
232,260,249,233,248,172,161,134,163,155,163,171,199,211,232,138,161,134,171,211,233,260,232,199,249,172,155,232,163,138,248,163
260,232,233,261,214,139,156,160,138,160,160,165,214,241,232,160,156,160,165,241,261,232,232,214,233,139,160,260,138,160,214,160
232,248,212,249,241,166,172,138,155,165,135,155,260,232,232,155,172,138,155,232,249,248,232,260,212,166,165,232,155,155,241,135
241,241,233,261,205,166,139,161,161,134,161,135,241,232,232,155,139,161,135,232,261,241,232,241,233,166,134,241,161,155,205,161
232,193,249,215,241,135,136,135,155,155,155,165,193,232,241,135,136,135,165,232,215,193,241,193,249,135,155,232,155,135,241,155
232,260,215,242,214,166,172,155,155,160,161,155,260,232,260,165,172,155,155,232,242,260,260,260,215,166,160,232,155,165,214,161
260,214,215,194,241,166,172,160,163,160,161,155,232,232,241,155,172,160,155,232,194,214,241,232,215,166,160,260,163,155,241,161
232,248,200,212,241,136,162,138,135,155,155,155,193,211,193,155,162,138,155,211,212,248,193,193,200,136,155,232,135,155,241,155
248,241,233,233,214,135,135,155,155,155,161,155,260,260,241,163,135,155,155,260,233,241,241,260,233,135,155,248,155,163,214,161
241,260,206,215,205,162,166,155,138,171,155,155,211,241,214,160,166,155,155,241,215,260,214,211,206,162,171,241,138,160,205,155
232,232,212,194,248,166,156,160,161,163,135,135,260,260,232,155,156,160,135,260,194,232,232,260,212,166,163,232,161,155,248,135
205,241,194,249,241,135,156,134,135,135,135,155,260,241,232,155,156,134,155,241,249,241,232,260,194,135,135,205,135,155,241,135
232,232,261,194,248,162,166,161,155,160,163,155,193,248,241,135,166,161,155,248,194,232,241,193,261,162,160,232,155,135,248,163
232,211,194,249,214,166,156,165,155,138,155,135,214,241,248,163,156,165,135,241,249,211,248,214,194,166,138,232,155,163,214,155
241,260,212,215,193,164,156,160,135,134,134,155,205,260,232,161,156,160,155,260,215,260,232,205,212,164,134,241,135,161,193,134
241,260,233,206,248,139,156,163,134,163,135,155,248,232,232,155,156,163,155,232,206,260,232,248,233,139,163,241,134,155,248,135
193,211,212,206,241,136,139,160,160,155,161,155,232,232,232,138,139,160,155,232,206,211,232,232,212,136,155,193,160,138,241,161
248,205,206,261,260,135,135,155,155,165,155,160,241,199,205,138,135,155,160,199,261,205,205,241,206,135,165,248,155,138,260,155
232,232,249,212,241,156,156,138,160,155,165,155,214,248,232,135,156,138,155,248,212,232,232,214,249,156,155,232,160,135,241,165
193,232,194,233,241,156,156,155,134,163,155,138,260,241,232,163,156,155,138,241,233,232,232,260,194,156,163,193,134,163,241,155
260,260,249,212,241,172,156,165,155,161,161,155,241,232,241,161,156,165,155,232,212,260,241,241,249,172,161,260,155,161,241,161
260,205,194,200,248,135,156,160,134,160,160,138,214,260,241,135,156,160,138,260,200,205,241,214,194,135,160,260,134,135,248,160
241,193,233,194,241,156,166,155,155,160,134,138,248,241,248,165,166,155,138,241,194,193,248,248,233,156,160,241,155,165,241,134
232,193,261,215,193,172,166,138,155,155,161,135,248,232,248,155,166,138,135,232,215,193,248,248,261,172,155,232,155,155,193,161
241,260,215,200,205,161,156,171,138,155,165,138,193,241,248,160,156,171,138,241,200,260,248,193,215,161,155,241,138,160,205,165
205,241,233,194,214,166,166,171,161,134,161,155,193,214,260,138,166,171,155,214,194,241,260,193,233,166,134,205,161,138,214,161
211,260,261,249,214,136,164,160,160,161,155,165,193,260,248,160,164,160,165,260,249,260,248,193,261,136,161,211,160,160,214,155
248,241,242,249,211,162,164,155,160,135,161,165,248,241,232,163,164,155,165,241,249,241,232,248,242,162,135,248,160,163,211,161
199,193,200,249,205,166,156,155,155,135,155,165,214,260,232,155,156,155,165,260,249,193,232,214,200,166,135,199,155,155,205,155
232,248,194,194,260,156,156,138,155,155,155,171,232,232,232,163,156,138,171,232,194,248,232,232,194,156,155,232,155,163,260,155
260,248,215,261,248,156,161,155,171,134,155,134,260,248,232,161,161,155,134,248,261,248,232,260,215,156,134,260,171,161,248,155
211,241,206,233,211,135,172,163,165,161,135,163,193,241,232,161,172,163,163,241,233,241,232,193,206,135,161,211,165,161,211,135
232,260,242,194,248,162,139,160,135,155,134,155,232,260,248,155,139,160,155,260,194,260,248,232,242,162,155,232,135,155,248,134
211,241,215,233,193,139,135,155,155,135,138,138,241,241,232,161,135,155,138,241,233,241,232,241,215,139,135,211,155,161,193,138
214,205,233,206,205,136,139,171,163,134,165,134,241,211,199,155,139,171,134,211,206,205,199,241,233,136,134,214,163,155,205,165
193,193,233,261,214,139,139,155,135,171,161,165,248,241,199,165,139,155,165,241,261,193,199,248,233,139,171,193,135,165,214,161
232,241,242,212,193,139,135,134,165,165,155,135,193,232,260,155,135,134,135,232,212,241,260,193,242,139,165,232,165,155,193,155
260,232,212,261,205,164,156,155,155,155,138,155,232,211,241,163,156,155,155,211,261,232,241,232,212,164,155,260,155,163,205,138
232,248,242,261,214,161,172,138,135,138,155,155,214,205,241,161,172,138,155,205,261,248,241,214,242,161,138,232,135,161,214,155
193,232,206,215,260,164,135,160,134,171,171,135,211,241,214,165,135,160,135,241,215,232,214,211,206,164,171,193,134,165,260,171
260,232,242,233,211,166,135,160,165,155,135,165,205,241,248,160,135,160,165,241,233,232,248,205,242,166,155,260,165,160,211,135
214,260,194,261,241,136,139,161,155,155,161,135,214,241,241,135,139,161,135,241,261,260,241,214,194,136,155,214,155,135,241,161
260,241,261,233,248,166,135,165,155,160,134,165,248,248,232,135,135,165,165,248,233,241,232,248,261,166,160,260,155,135,248,134
241,241,233,261,260,139,164,134,165,155,160,135,193,232,248,165,164,134,135,232,261,241,248,193,233,139,155,241,165,165,260,160
232,211,249,200,241,166,166,135,134,134,163,134,241,193,241,135,166,135,134,193,200,211,241,241,249,166,134,232,134,135,241,163
248,241,194,215,193,139,166,155,134,155,161,155,241,248,248,155,166,155,155,248,215,241,248,241,194,139,155,248,134,155,193,161
193,214,194,215,241,166,166,155,155,155,135,155,193,241,248,163,166,155,155,241,215,214,248,193,194,166,155,193,155,163,241,135
193,260,242,242,260,139,172,135,163,155,163,135,211,232,193,161,172,135,135,232,242,260,193,211,242,139,155,193,163,161,260,163
260,241,242,194,241,136,164,155,163,155,134,165,199,241,260,163,164,155,165,241,194,241,260,199,242,136,155,260,163,163,241,134
260,241,215,206,232,135,162,155,171,155,135,160,241,248,232,155,162,155,160,248,206,241,232,241,215,135,155,260,171,155,232,135
260,232,261,233,214,139,156,135,155,135,165,155,260,248,232,161,156,135,155,248,233,232,232,260,261,139,135,260,155,161,214,165
232,260,212,194,205,136,166,134,135,163,163,163,214,260,232,155,166,134,163,260,194,260,232,214,212,136,163,232,135,155,205,163
241,248,200,194,248,139,161,134,135,163,161,165,211,193,260,155,161,134,165,193,194,248,260,211,200,139,163,241,135,155,248,161
260,241,194,261,248,139,161,138,134,134,138,155,193,241,193,161,161,138,155,241,261,241,193,193,194,139,134,260,134,161,248,138
232,193,194,215,205,136,156,171,161,134,161,135,205,214,232,155,156,171,135,214,215,193,232,205,194,136,134,232,161,155,205,161
211,232,215,194,205,166,139,155,163,165,161,138,199,232,232,155,139,155,138,232,194,232,232,199,215,166,165,211,163,155,205,161
248,241,249,233,214,161,166,138,134,155,134,134,205,241,248,160,166,138,134,241,233,241,248,205,249,161,155,248,134,160,214,134
232,232,206,242,199,166,156,161,165,155,155,134,205,193,241,161,156,161,134,193,242,232,241,205,206,166,155,232,165,161,199,155
232,241,233,249,205,139,164,163,161,161,160,155,248,260,232,165,164,163,155,260,249,241,232,248,233,139,161,232,161,165,205,160
214,232,215,194,232,161,166,134,135,160,155,155,241,241,232,160,166,134,155,241,194,232,232,241,215,161,160,214,135,160,232,155
232,232,249,261,193,136,164,171,135,135,155,155,260,241,232,155,164,171,155,241,261,232,232,260,249,136,135,232,135,155,193,155
260,241,212,233,241,139,139,160,163,155,160,138,241,232,232,155,139,160,138,232,233,241,232,241,212,139,155,260,163,155,241,160
232,232,194,206,260,156,136,161,171,155,161,155,241,248,260,160,136,161,155,248,206,232,260,241,194,156,155,232,171,160,260,161
232,248,200,194,232,166,156,135,171,171,155,163,241,260,232,135,156,135,163,260,194,248,232,241,200,166,171,232,171,135,232,155
214,232,194,233,248,156,139,160,155,155,135,135,241,260,214,165,139,160,135,260,233,232,214,241,194,156,155,214,155,165,248,135
248,205,261,212,211,161,161,138,155,134,163,135,214,241,232,155,161,138,135,241,212,205,232,214,261,161,134,248,155,155,211,163
260,232,215,261,248,166,156,135,155,134,165,165,241,241,241,161,156,135,165,241,261,232,241,241,215,166,134,260,155,161,248,165
260,205,261,194,214,135,135,171,171,155,155,165,241,232,232,135,135,171,165,232,194,205,232,241,261,135,155,260,171,135,214,155
241,193,261,233,211,162,139,163,161,161,165,171,214,205,241,155,139,163,171,205,233,193,241,214,261,162,161,241,161,155,211,165
205,232,212,261,214,172,156,160,134,135,161,135,241,232,241,161,156,160,135,232,261,232,241,241,212,172,135,205,134,161,214,161
211,241,261,212,199,136,136,163,155,135,138,134,248,193,260,160,136,163,134,193,212,241,260,248,261,136,135,211,155,160,199,138
248,241,261,261,205,135,139,134,163,134,134,165,211,211,214,171,139,134,165,211,261,241,214,211,261,135,134,248,163,171,205,134
232,260,206,242,205,136,166,160,134,155,160,135,260,241,232,163,166,160,135,241,242,260,232,260,206,136,155,232,134,163,205,160
248,205,206,215,260,172,136,155,155,138,155,155,241,248,232,135,136,155,155,248,215,205,232,241,206,172,138,248,155,135,260,155
260,260,194,212,260,156,162,155,155,155,134,135,248,232,214,161,162,155,135,232,212,260,214,248,194,156,155,260,155,161,260,134
260,241,261,212,211,161,161,165,135,165,161,155,248,214,232,165,161,165,155,214,212,241,232,248,261,161,165,260,135,165,211,161
241,260,215,249,193,136,135,138,155,161,155,135,214,232,199,155,135,138,135,232,249,260,199,214,215,136,161,241,155,155,193,155
232,232,194,215,260,139,164,155,163,165,163,155,248,248,232,134,164,155,155,248,215,232,232,248,194,139,165,232,163,134,260,163
260,232,233,233,232,135,156,163,155,155,155,135,193,199,232,134,156,163,135,199,233,232,232,193,233,135,155,260,155,134,232,155
248,241,215,249,214,166,172,138,134,155,163,155,248,232,260,155,172,138,155,232,249,241,260,248,215,166,155,248,134,155,214,163
241,260,215,215,260,156,156,171,163,171,135,155,248,232,241,155,156,171,155,232,215,260,241,248,215,156,171,241,163,155,260,135
232,248,206,242,248,135,161,171,163,134,155,165,211,193,232,155,161,171,165,193,242,248,232,211,206,135,134,232,163,155,248,155
241,232,200,233,260,136,166,138,171,155,155,155,248,232,260,138,166,138,155,232,233,232,260,248,200,136,155,241,171,138,260,155
260,211,212,206,248,172,161,163,155,135,161,135,241,241,232,135,161,163,135,241,206,211,232,241,212,172,135,260,155,135,248,161
260,232,194,212,241,156,166,155,155,171,163,163,241,232,232,155,166,155,163,232,212,232,232,241,194,156,171,260,155,155,241,163
232,193,212,233,248,164,156,155,135,160,134,165,241,260,232,138,156,155,165,260,233,193,232,241,212,164,160,232,135,138,248,134
248,241,249,194,193,139,135,163,134,160,134,155,205,193,214,163,135,163,155,193,194,241,214,205,249,139,160,248,134,163,193,134
248,260,215,212,248,161,156,160,165,165,134,135,248,232,232,161,156,160,135,232,212,260,232,248,215,161,165,248,165,161,248,134
214,211,233,261,205,166,164,165,155,155,134,138,260,232,260,135,164,165,138,232,261,211,260,260,233,166,155,214,155,135,205,134
214,199,242,215,241,136,172,165,134,155,155,135,193,193,241,161,172,165,135,193,215,199,241,193,242,136,155,214,134,161,241,155
260,241,261,212,248,166,161,171,134,171,135,134,241,211,241,160,161,171,134,211,212,241,241,241,261,166,171,260,134,160,248,135
214,248,200,206,248,139,164,163,155,160,135,135,248,214,248,155,164,163,135,214,206,248,248,248,200,139,160,214,155,155,248,135
260,232,242,261,260,166,136,160,134,165,161,135,260,260,214,163,136,160,135,260,261,232,214,260,242,166,165,260,134,163,260,161
241,260,249,233,193,136,156,155,155,171,135,135,248,241,248,155,156,155,135,241,233,260,248,248,249,136,171,241,155,155,193,135
232,205,212,215,241,156,156,165,138,163,165,165,248,248,260,155,156,165,165,248,215,205,260,248,212,156,163,232,138,155,241,165
232,205,242,261,248,161,156,135,155,161,165,155,205,232,232,161,156,135,155,232,261,205,232,205,242,161,161,232,155,161,248,165
248,214,212,233,232,172,136,155,155,138,138,155,241,241,260,163,136,155,155,241,233,214,260,241,212,172,138,248,155,163,232,138
241,214,233,206,193,156,164,134,135,155,155,155,214,193,232,165,164,134,155,193,206,214,232,214,233,156,155,241,135,165,193,155
232,214,233,233,232,136,139,160,163,155,138,138,241,241,248,171,139,160,138,241,233,214,248,241,233,136,155,232,163,171,232,138
232,260,215,200,193,156,172,135,134,155,161,135,211,205,248,165,172,135,135,205,200,260,248,211,215,156,155,232,134,165,193,161
232,241,215,194,205,136,156,165,165,155,155,155,241,241,211,135,156,165,155,241,194,241,211,241,215,136,155,232,165,135,205,155
260,260,249,242,205,164,136,135,138,171,134,138,205,241,241,165,136,135,138,241,242,260,241,205,249,164,171,260,138,165,205,134
232,260,242,261,241,166,161,161,163,155,155,155,241,241,232,155,161,161,155,241,261,260,232,241,242,166,155,232,163,155,241,155
211,232,261,233,232,156,166,155,163,134,163,171,214,241,232,160,166,155,171,241,233,232,232,214,261,156,134,211,163,160,232,163
211,260,212,242,241,135,164,165,135,134,135,165,260,199,248,160,164,165,165,199,242,260,248,260,212,135,134,211,135,160,241,135
232,241,206,206,193,136,166,160,134,165,163,155,211,232,199,138,166,160,155,232,206,241,199,211,206,136,165,232,134,138,193,163
241,211,212,242,241,166,136,160,138,134,165,138,241,260,214,138,136,160,138,260,242,211,214,241,212,166,134,241,138,138,241,165
232,232,194,194,241,166,156,134,155,163,165,155,248,232,214,165,156,134,155,232,194,232,214,248,194,166,163,232,155,165,241,165
241,241,215,212,211,156,136,134,155,165,155,155,193,199,232,135,136,134,155,199,212,241,232,193,215,156,165,241,155,135,211,155
241,232,206,261,205,166,136,165,171,165,138,135,241,232,241,135,136,165,135,232,261,232,241,241,206,166,165,241,171,135,205,138
241,260,215,194,232,156,156,161,155,155,160,155,214,260,232,163,156,161,155,260,194,260,232,214,215,156,155,241,155,163,232,160
232,241,261,200,193,166,136,163,134,135,163,155,211,248,232,155,136,163,155,248,200,241,232,211,261,166,135,232,134,155,193,163
232,193,194,206,232,161,136,163,160,155,155,138,241,232,211,163,136,163,138,232,206,193,211,241,194,161,155,232,160,163,232,155
214,193,206,200,248,162,164,160,155,134,155,135,248,193,214,134,164,160,135,193,200,193,214,248,206,162,134,214,155,134,248,155
193,260,206,194,211,172,156,160,163,165,155,171,211,193,260,165,156,160,171,193,194,260,260,211,206,172,165,193,163,165,211,155
232,232,215,233,248,135,166,155,171,155,155,165,193,241,260,161,166,155,165,241,233,232,260,193,215,135,155,232,171,161,248,155
248,211,206,194,214,156,156,165,155,135,155,155,193,260,232,163,156,165,155,260,194,211,232,193,206,156,135,248,155,163,214,155
232,211,212,206,260,139,162,161,155,135,161,155,214,232,232,165,162,161,155,232,206,211,232,214,212,139,135,232,155,165,260,161
248,193,194,249,205,166,172,165,155,135,160,138,211,248,232,161,172,165,138,248,249,193,232,211,194,166,135,248,155,161,205,160
232,199,215,206,248,135,166,160,161,160,171,155,214,241,241,138,166,160,155,241,206,199,241,214,215,135,160,232,161,138,248,171
260,248,215,261,214,161,156,138,135,161,165,155,211,211,214,160,156,138,155,211,261,248,214,211,215,161,161,260,135,160,214,165
260,214,206,200,248,164,136,155,138,155,163,165,232,241,232,138,136,155,165,241,200,214,232,232,206,164,155,260,138,138,248,163
241,193,215,233,214,156,166,171,163,134,165,171,260,248,232,155,166,171,171,248,233,193,232,260,215,156,134,241,163,155,214,165
232,241,233,215,232,156,161,161,165,135,155,155,232,211,232,155,161,161,155,211,215,241,232,232,233,156,135,232,165,155,232,155
260,211,194,194,205,139,156,161,135,160,155,165,214,211,232,163,156,161,165,211,194,211,232,214,194,139,160,260,135,163,205,155
260,241,194,242,211,166,156,155,163,160,163,135,205,241,214,155,156,155,135,241,242,241,214,205,194,166,160,260,163,155,211,163
214,260,215,212,248,139,161,155,135,171,160,163,241,232,241,160,161,155,163,232,212,260,241,241,215,139,171,214,135,160,248,160
214,205,194,233,248,166,156,163,155,134,161,135,214,232,232,165,156,163,135,232,233,205,232,214,194,166,134,214,155,165,248,161
232,211,200,206,260,139,136,163,155,134,161,155,241,193,232,135,136,163,155,193,206,211,232,241,200,139,134,232,155,135,260,161
211,205,261,233,260,139,166,135,155,134,135,134,241,260,241,163,166,135,134,260,233,205,241,241,261,139,134,211,155,163,260,135
232,260,215,261,193,166,156,155,155,163,163,134,211,211,214,134,156,155,134,211,261,260,214,211,215,166,163,232,155,134,193,163
241,193,249,215,214,136,166,135,155,134,155,138,260,193,232,155,166,135,138,193,215,193,232,260,249,136,134,241,155,155,214,155
211,241,249,261,214,164,156,135,134,165,135,138,214,214,232,155,156,135,138,214,261,241,232,214,249,164,165,211,134,155,214,135
214,232,242,200,232,166,135,155,155,138,155,138,241,232,260,155,135,155,138,232,200,232,260,241,242,166,138,214,155,155,232,155
232,214,261,233,241,156,166,155,155,155,135,165,248,241,211,155,166,155,165,241,233,214,211,248,261,156,155,232,155,155,241,135
241,232,194,194,248,161,166,135,155,134,160,138,211,248,260,155,166,135,138,248,194,232,260,211,194,161,134,241,155,155,248,160
214,193,261,215,205,162,166,160,160,155,134,135,214,232,248,138,166,160,135,232,215,193,248,214,261,162,155,214,160,138,205,134
214,248,194,212,260,156,166,155,134,155,165,135,199,260,199,134,166,155,135,260,212,248,199,199,194,156,155,214,134,134,260,165
214,241,194,206,205,139,164,163,163,134,135,171,241,205,232,135,164,163,171,205,206,241,232,241,194,139,134,214,163,135,205,135
241,241,194,200,241,156,136,165,163,161,135,155,211,260,232,160,136,165,155,260,200,241,232,211,194,156,161,241,163,160,241,135
248,241,194,206,241,156,139,135,135,165,155,165,214,241,260,155,139,135,165,241,206,241,260,214,194,156,165,248,135,155,241,155
232,232,200,249,260,156,172,155,155,135,138,171,205,248,260,161,172,155,171,248,249,232,260,205,200,156,135,232,155,161,260,138
232,260,200,200,205,164,156,155,135,155,155,135,205,241,211,161,156,155,135,241,200,260,211,205,200,164,155,232,135,161,205,155
232,232,233,194,248,156,164,171,155,135,161,155,232,232,214,165,164,171,155,232,194,232,214,232,233,156,135,232,155,165,248,161
193,205,215,242,248,161,164,171,135,134,165,138,241,232,232,155,164,171,138,232,242,205,232,241,215,161,134,193,135,155,248,165
232,211,194,233,205,172,139,135,155,155,161,165,214,241,260,155,139,135,165,241,233,211,260,214,194,172,155,232,155,155,205,161
248,211,212,249,211,162,156,165,160,135,155,135,214,211,260,161,156,165,135,211,249,211,260,214,212,162,135,248,160,161,211,155
232,214,200,206,232,164,164,134,135,155,165,155,241,241,232,163,164,134,155,241,206,214,232,241,200,164,155,232,135,163,232,165
260,260,242,233,248,166,136,138,155,155,161,155,260,260,248,165,136,138,155,260,233,260,248,260,242,166,155,260,155,165,248,161
232,260,261,215,241,136,164,138,163,171,155,155,260,232,232,160,164,138,155,232,215,260,232,260,261,136,171,232,163,160,241,155
260,193,261,233,248,156,139,155,134,155,160,138,260,214,248,134,139,155,138,214,233,193,248,260,261,156,155,260,134,134,248,160
260,214,242,194,248,156,156,155,134,165,155,135,193,241,260,161,156,155,135,241,194,214,260,193,242,156,165,260,134,161,248,155
241,241,200,200,199,135,156,163,155,134,135,138,248,214,232,138,156,163,138,214,200,241,232,248,200,135,134,241,155,138,199,135
214,232,206,215,241,136,164,161,165,161,165,155,193,211,241,155,164,161,155,211,215,232,241,193,206,136,161,214,165,155,241,165
241,232,261,249,260,139,166,135,155,138,163,155,193,232,260,161,166,135,155,232,249,232,260,193,261,139,138,241,155,161,260,163
241,232,261,242,248,156,164,155,134,138,155,138,211,205,232,135,164,155,138,205,242,232,232,211,261,156,138,241,134,135,248,155
211,232,212,212,193,136,156,165,134,165,155,155,248,241,232,138,156,165,155,241,212,232,232,248,212,136,165,211,134,138,193,155
241,241,212,233,214,139,139,135,160,161,155,171,241,241,260,155,139,135,171,241,233,241,260,241,212,139,161,241,160,155,214,155
248,260,212,200,205,139,161,155,155,161,165,138,211,199,260,155,161,155,138,199,200,260,260,211,212,139,161,248,155,155,205,165
232,211,233,215,260,156,139,171,135,138,161,155,232,214,248,155,139,171,155,214,215,211,248,232,233,156,138,232,135,155,260,161
232,241,200,206,260,135,139,134,165,135,155,138,214,232,193,171,139,134,138,232,206,241,193,214,200,135,135,232,165,171,260,155
214,193,242,215,241,139,166,155,165,163,155,165,211,232,193,138,166,155,165,232,215,193,193,211,242,139,163,214,165,138,241,155
232,205,212,206,232,139,156,163,160,155,134,155,211,214,241,163,156,163,155,214,206,205,241,211,212,139,155,232,160,163,232,134
241,211,194,233,241,156,136,155,165,165,138,155,248,241,260,135,136,155,155,241,233,211,260,248,194,156,165,241,165,135,241,138
260,232,249,215,241,172,136,138,138,163,155,155,241,248,232,165,136,138,155,248,215,232,232,241,249,172,163,260,138,165,241,155
248,241,200,233,193,166,139,163,155,165,161,171,193,241,214,161,139,163,171,241,233,241,214,193,200,166,165,248,155,161,193,161
248,241,194,261,232,166,156,135,163,163,135,155,241,232,241,138,156,135,155,232,261,241,241,241,194,166,163,248,163,138,232,135
193,241,194,200,214,172,139,165,163,155,134,155,248,241,232,160,139,165,155,241,200,241,232,248,194,172,155,193,163,160,214,134
241,232,233,194,205,135,139,161,155,135,155,135,232,232,193,155,139,161,135,232,194,232,193,232,233,135,135,241,155,155,205,155
241,232,215,212,211,135,164,161,134,155,135,155,248,241,193,155,164,161,155,241,212,232,193,248,215,135,155,241,134,155,211,135
232,241,194,206,211,164,172,135,163,165,155,138,241,232,205,161,172,135,138,232,206,241,205,241,194,164,165,232,163,161,211,155
241,241,249,233,260,135,136,171,161,165,135,138,248,214,241,135,136,171,138,214,233,241,241,248,249,135,165,241,161,135,260,135
232,248,249,215,205,156,139,135,155,138,134,138,241,241,241,163,139,135,138,241,215,248,241,241,249,156,138,232,155,163,205,134
211,214,242,212,214,166,139,155,155,160,161,165,260,232,241,161,139,155,165,232,212,214,241,260,242,166,160,211,155,161,214,161
248,260,233,215,248,166,139,165,155,155,155,160,205,241,214,155,139,165,160,241,215,260,214,205,233,166,155,248,155,155,248,155
248,241,215,194,248,164,166,160,165,135,161,138,214,260,241,138,166,160,138,260,194,241,241,214,215,164,135,248,165,138,248,161
211,232,242,194,248,172,135,155,155,161,165,165,205,241,193,138,135,155,165,241,194,232,193,205,242,172,161,211,155,138,248,165
260,211,242,215,248,156,136,134,155,155,163,138,241,241,248,155,136,134,138,241,215,211,248,241,242,156,155,260,155,155,248,163
232,260,212,206,248,135,166,155,135,134,134,165,241,232,232,155,166,155,165,232,206,260,232,241,212,135,134,232,135,155,248,134
260,193,206,242,205,139,172,134,163,163,155,171,205,260,232,155,172,134,171,260,242,193,232,205,206,139,163,260,163,155,205,155
260,241,194,242,205,135,156,165,134,134,163,135,199,193,232,160,156,165,135,193,242,241,232,199,194,135,134,260,134,160,205,163
260,241,261,194,248,156,135,160,134,155,163,138,214,241,260,161,135,160,138,241,194,241,260,214,261,156,155,260,134,161,248,163
214,241,242,200,248,172,162,160,155,161,163,155,211,199,232,134,162,160,155,199,200,241,232,211,242,172,161,214,155,134,248,163
232,260,206,261,211,139,136,171,155,134,134,135,205,241,232,165,136,171,135,241,261,260,232,205,206,139,134,232,155,165,211,134
232,205,194,194,241,166,139,155,155,155,163,155,248,232,248,134,139,155,155,232,194,205,248,248,194,166,155,232,155,134,241,163
248,248,206,194,248,161,162,155,155,163,155,138,260,241,232,155,162,155,138,241,194,248,232,260,206,161,163,248,155,155,248,155
248,232,261,194,241,136,156,134,165,134,155,155,241,232,260,138,156,134,155,232,194,232,260,241,261,136,134,248,165,138,241,155
232,214,242,212,248,161,164,138,155,155,134,135,248,232,232,161,164,138,135,232,212,214,232,248,242,161,155,232,155,161,248,134
241,211,233,261,232,162,135,138,155,155,163,165,260,232,232,163,135,138,165,232,261,211,232,260,233,162,155,241,155,163,232,163
199,241,212,200,248,139,156,160,155,160,165,155,211,232,199,163,156,160,155,232,200,241,199,211,212,139,160,199,155,163,248,165
260,260,261,194,241,156,156,138,155,161,160,138,248,260,232,155,156,138,138,260,194,260,232,248,261,156,161,260,155,155,241,160
241,248,249,233,193,166,156,155,155,161,135,135,232,260,260,155,156,155,135,260,233,248,260,232,249,166,161,241,155,155,193,135
248,232,242,206,193,161,166,155,161,155,155,134,199,193,241,163,166,155,134,193,206,232,241,199,242,161,155,248,161,163,193,155
232,211,261,200,241,135,139,155,135,165,155,135,214,211,211,155,139,155,135,211,200,211,211,214,261,135,165,232,135,155,241,155
232,241,233,212,241,166,162,155,171,165,155,155,214,232,214,155,162,155,155,232,212,241,214,214,233,166,165,232,171,155,241,155
260,241,194,212,193,172,136,134,155,155,135,155,241,232,232,155,136,134,155,232,212,241,232,241,194,172,155,260,155,155,193,135
241,260,261,242,232,156,156,160,161,155,160,155,260,248,214,161,156,160,155,248,242,260,214,260,261,156,155,241,161,161,232,160
199,232,212,242,248,166,136,135,163,134,134,165,232,241,232,171,136,135,165,241,242,232,232,232,212,166,134,199,163,171,248,134
232,248,200,206,232,162,139,135,134,171,138,138,248,232,241,155,139,135,138,232,206,248,241,248,200,162,171,232,134,155,232,138
260,193,194,212,248,166,166,163,165,165,165,165,248,214,232,138,166,163,165,214,212,193,232,248,194,166,165,260,165,138,248,165
211,211,212,261,232,139,156,163,155,160,135,155,211,241,241,155,156,163,155,241,261,211,241,211,212,139,160,211,155,155,232,135
232,260,242,215,248,139,136,134,160,135,163,134,193,214,232,155,136,134,134,214,215,260,232,193,242,139,135,232,160,155,248,163
248,232,233,233,248,156,161,155,155,171,161,138,260,232,232,155,161,155,138,232,233,232,232,260,233,156,171,248,155,155,248,161
260,260,194,212,214,166,139,155,155,165,134,155,211,193,211,135,139,155,155,193,212,260,211,211,194,166,165,260,155,135,214,134
232,260,242,206,241,172,135,155,135,165,135,135,193,248,248,161,135,155,135,248,206,260,248,193,242,172,165,232,135,161,241,135
232,260,261,212,205,136,166,161,155,155,155,171,214,232,214,135,166,161,171,232,212,260,214,214,261,136,155,232,155,135,205,155
232,193,200,212,260,139,156,171,134,163,163,135,193,241,248,171,156,171,135,241,212,193,248,193,200,139,163,232,134,171,260,163
241,211,215,233,241,166,162,155,160,155,165,138,248,232,241,155,162,155,138,232,233,211,241,248,215,166,155,241,160,155,241,165
260,193,206,242,205,135,172,135,135,138,161,165,248,241,232,155,172,135,165,241,242,193,232,248,206,135,138,260,135,155,205,161
193,232,261,261,205,161,139,138,155,160,165,155,241,232,260,155,139,138,155,232,261,232,260,241,261,161,160,193,155,155,205,165
260,232,242,212,232,136,172,165,155,155,135,134,214,260,214,155,172,165,134,260,212,232,214,214,242,136,155,260,155,155,232,135
241,241,212,233,193,166,172,135,163,155,135,155,248,260,260,135,172,135,155,260,233,241,260,248,212,166,155,241,163,135,193,135
241,232,242,206,241,166,166,134,163,161,165,138,214,232,232,155,166,134,138,232,206,232,232,214,242,166,161,241,163,155,241,165
248,241,261,206,260,156,166,161,161,163,155,171,211,193,232,155,166,161,171,193,206,241,232,211,261,156,163,248,161,155,260,155
248,211,194,261,241,139,139,165,161,135,155,155,248,248,232,161,139,165,155,248,261,211,232,248,194,139,135,248,161,161,241,155
232,232,212,215,241,161,156,135,135,155,161,138,260,232,232,155,156,135,138,232,215,232,232,260,212,161,155,232,135,155,241,161
260,241,212,249,214,166,156,160,155,155,163,138,193,241,260,135,156,160,138,241,249,241,260,193,212,166,155,260,155,135,214,163
260,248,249,215,205,172,166,160,135,134,160,171,199,248,214,138,166,160,171,248,215,248,214,199,249,172,134,260,135,138,205,160
214,248,261,233,260,156,156,155,135,155,163,155,232,211,248,135,156,155,155,211,233,248,248,232,261,156,155,214,135,135,260,163
260,232,242,249,241,166,161,135,135,155,163,155,214,232,232,155,161,135,155,232,249,232,232,214,242,166,155,260,135,155,241,163
193,241,215,233,260,162,156,135,160,134,155,165,260,248,214,155,156,135,165,248,233,241,214,260,215,162,134,193,160,155,260,155
232,248,215,233,205,139,156,155,171,161,138,155,193,248,214,160,156,155,155,248,233,248,214,193,215,139,161,232,171,160,205,138
232,214,212,206,232,161,139,160,171,163,155,138,205,241,248,155,139,160,138,241,206,214,248,205,212,161,163,232,171,155,232,155
232,211,212,233,248,161,156,155,165,155,134,135,260,241,232,165,156,155,135,241,233,211,232,260,212,161,155,232,165,165,248,134
241,232,261,233,260,172,139,155,135,161,135,134,193,232,232,161,139,155,134,232,233,232,232,193,261,172,161,241,135,161,260,135
214,193,233,249,260,139,164,160,155,155,163,135,260,241,260,135,164,160,135,241,249,193,260,260,233,139,155,214,155,135,260,163
248,241,242,215,260,164,156,138,163,165,171,155,193,193,211,171,156,138,155,193,215,241,211,193,242,164,165,248,163,171,260,171
214,232,233,206,205,156,164,160,135,163,155,138,211,232,232,160,164,160,138,232,206,232,232,211,233,156,163,214,135,160,205,155
241,193,242,261,241,156,156,135,155,155,138,135,260,232,214,155,156,135,135,232,261,193,214,260,242,156,155,241,155,155,241,138
211,205,212,261,241,156,139,155,163,155,135,165,205,241,214,138,139,155,165,241,261,205,214,205,212,156,155,211,163,138,241,135
248,260,261,261,211,166,164,138,134,155,160,165,241,211,193,165,164,138,165,211,261,260,193,241,261,166,155,248,134,165,211,160
241,241,206,194,232,136,156,155,155,155,163,155,248,232,248,161,156,155,155,232,194,241,248,248,206,136,155,241,155,161,232,163
211,260,215,233,241,136,156,171,155,138,135,155,205,241,241,163,156,171,155,241,233,260,241,205,215,136,138,211,155,163,241,135
232,260,215,261,232,156,164,134,155,135,155,155,248,205,211,155,164,134,155,205,261,260,211,248,215,156,135,232,155,155,232,155
232,241,200,206,211,135,161,165,135,160,134,155,214,248,260,165,161,165,155,248,206,241,260,214,200,135,160,232,135,165,211,134
260,260,206,233,248,166,156,163,135,165,155,171,211,232,241,155,156,163,171,232,233,260,241,211,206,166,165,260,135,155,248,155
193,193,233,242,241,166,139,155,161,135,155,165,211,248,211,171,139,155,165,248,242,193,211,211,233,166,135,193,161,171,241,155
260,241,200,261,241,156,156,160,134,155,161,155,260,193,241,163,156,160,155,193,261,241,241,260,200,156,155,260,134,163,241,161
248,248,242,233,205,135,166,163,163,134,134,155,205,232,232,135,166,163,155,232,233,248,232,205,242,135,134,248,163,135,205,134
241,232,194,215,193,156,156,165,160,135,155,135,193,232,241,138,156,165,135,232,215,232,241,193,194,156,135,241,160,138,193,155
260,193,242,233,205,162,136,138,155,165,138,135,232,241,260,155,136,138,135,241,233,193,260,232,242,162,165,260,155,155,205,138
232,214,212,233,232,164,166,138,155,155,163,135,241,241,232,161,166,138,135,241,233,214,232,241,212,164,155,232,155,161,232,163
214,260,233,233,248,156,135,160,138,135,134,155,248,241,260,138,135,160,155,241,233,260,260,248,233,156,135,214,138,138,248,134
241,248,242,194,241,156,156,135,163,134,135,135,248,232,232,161,156,135,135,232,194,248,232,248,242,156,134,241,163,161,241,135
232,260,212,233,248,156,156,161,135,160,165,134,248,232,241,163,156,161,134,232,233,260,241,248,212,156,160,232,135,163,248,165
241,248,242,233,211,166,156,155,163,155,161,135,232,241,260,138,156,155,135,241,233,248,260,232,242,166,155,241,163,138,211,161
232,241,212,206,205,166,166,171,135,171,163,155,211,232,232,165,166,171,155,232,206,241,232,211,212,166,171,232,135,165,205,163
241,260,242,194,193,156,166,165,163,134,155,163,248,241,232,138,166,165,163,241,194,260,232,248,242,156,134,241,163,138,193,155
241,205,242,261,241,139,136,160,134,155,171,134,241,232,214,155,136,160,134,232,261,205,214,241,242,139,155,241,134,155,241,171
232,260,261,215,241,172,139,155,163,155,155,135,211,241,232,155,139,155,135,241,215,260,232,211,261,172,155,232,163,155,241,155
232,232,242,233,260,162,156,138,155,155,161,155,211,260,232,163,156,138,155,260,233,232,232,211,242,162,155,232,155,163,260,161
248,193,215,200,211,136,156,160,134,165,165,165,241,199,232,165,156,160,165,199,200,193,232,241,215,136,165,248,134,165,211,165
214,214,194,200,205,156,156,134,155,161,155,155,248,193,211,165,156,134,155,193,200,214,211,248,194,156,161,214,155,165,205,155
211,232,242,242,260,161,161,134,155,160,163,171,248,248,193,138,161,134,171,248,242,232,193,248,242,161,160,211,155,138,260,163
241,232,194,242,205,156,162,161,163,155,161,134,248,248,260,161,162,161,134,248,242,232,260,248,194,156,155,241,163,161,205,161
211,214,212,200,248,139,136,165,155,155,163,135,260,241,248,160,136,165,135,241,200,214,248,260,212,139,155,211,155,160,248,163
232,232,233,212,205,162,136,155,155,161,163,135,241,232,232,135,136,155,135,232,212,232,232,241,233,162,161,232,155,135,205,163
214,260,212,200,241,139,164,160,155,134,165,165,260,232,199,135,164,160,165,232,200,260,199,260,212,139,134,214,155,135,241,165
241,232,206,194,214,156,166,155,155,135,155,138,241,214,214,155,166,155,138,214,194,232,214,241,206,156,135,241,155,155,214,155
214,241,233,242,211,139,156,163,171,155,155,155,241,241,241,165,156,163,155,241,242,241,241,241,233,139,155,214,171,165,211,155
232,241,194,233,211,139,136,155,155,161,138,171,214,193,232,135,136,155,171,193,233,241,232,214,194,139,161,232,155,135,211,138
241,260,194,233,260,172,156,163,135,171,155,138,248,232,248,161,156,163,138,232,233,260,248,248,194,172,171,241,135,161,260,155
241,260,194,261,241,139,156,155,163,163,135,138,248,232,248,155,156,155,138,232,261,260,248,248,194,139,163,241,163,155,241,135
193,193,200,242,205,166,172,135,163,165,135,135,232,241,241,155,172,135,135,241,242,193,241,232,200,166,165,193,163,155,205,135
232,260,215,233,193,161,139,135,155,155,161,135,241,199,211,155,139,135,135,199,233,260,211,241,215,161,155,232,155,155,193,161
241,193,242,233,214,139,156,135,155,138,165,134,260,248,193,135,156,135,134,248,233,193,193,260,242,139,138,241,155,135,214,165
260,214,194,194,260,172,156,155,163,165,155,155,260,232,232,155,156,155,155,232,194,214,232,260,194,172,165,260,163,155,260,155
260,193,215,206,260,136,156,160,155,155,171,155,205,211,232,135,156,160,155,211,206,193,232,205,215,136,155,260,155,135,260,171
211,260,194,233,241,156,166,155,155,155,161,135,241,214,248,135,166,155,135,214,233,260,248,241,194,156,155,211,155,135,241,161
232,248,200,233,241,136,156,161,155,155,163,155,232,241,241,134,156,161,155,241,233,248,241,232,200,136,155,232,155,134,241,163
232,241,261,212,241,139,139,163,155,171,163,135,241,193,232,135,139,163,135,193,212,241,232,241,261,139,171,232,155,135,241,163
214,214,249,194,193,139,166,163,134,165,155,163,193,199,241,160,166,163,163,199,194,214,241,193,249,139,165,214,134,160,193,155
232,214,249,261,241,156,139,135,155,163,155,171,260,241,232,155,139,135,171,241,261,214,232,260,249,156,163,232,155,155,241,155
193,205,194,242,214,166,166,138,155,155,155,134,260,193,232,161,166,138,134,193,242,205,232,260,194,166,155,193,155,161,214,155
260,232,194,249,248,166,164,160,171,160,155,155,248,211,232,171,164,160,155,211,249,232,232,248,194,166,160,260,171,171,248,155
211,241,215,242,211,156,156,135,163,134,163,165,232,232,232,163,156,135,165,232,242,241,232,232,215,156,134,211,163,163,211,163
260,241,215,261,248,139,156,138,161,165,163,155,193,232,248,135,156,138,155,232,261,241,248,193,215,139,165,260,161,135,248,163
232,241,194,194,241,156,139,171,155,135,161,135,260,260,241,135,139,171,135,260,194,241,241,260,194,156,135,232,155,135,241,161
232,260,206,215,260,156,166,163,155,165,155,155,260,232,248,171,166,163,155,232,215,260,248,260,206,156,165,232,155,171,260,155
241,241,233,194,241,136,166,165,155,155,155,135,211,241,232,171,166,165,135,241,194,241,232,211,233,136,155,241,155,171,241,155
232,205,212,212,248,135,156,171,134,134,134,135,248,232,260,161,156,171,135,232,212,205,260,248,212,135,134,232,134,161,248,134
260,232,249,233,211,162,136,134,161,161,163,135,260,241,260,138,136,134,135,241,233,232,260,260,249,162,161,260,161,138,211,163
241,241,233,261,214,166,156,171,171,161,138,138,214,241,260,155,156,171,138,241,261,241,260,214,233,166,161,241,171,155,214,138
260,241,212,194,241,166,135,163,155,171,135,165,248,232,232,165,135,163,165,232,194,241,232,248,212,166,171,260,155,165,241,135
232,232,194,233,193,166,164,155,134,138,161,138,260,241,232,165,164,155,138,241,233,232,232,260,194,166,138,232,134,165,193,161
232,232,261,194,248,136,139,138,155,161,134,134,205,241,214,163,139,138,134,241,194,232,214,205,261,136,161,232,155,163,248,134
214,211,242,233,260,166,162,171,163,138,161,138,241,241,232,138,162,171,138,241,233,211,232,241,242,166,138,214,163,138,260,161
241,241,233,215,248,139,166,165,165,165,163,155,260,214,241,135,166,165,155,214,215,241,241,260,233,139,165,241,165,135,248,163
232,260,249,215,193,162,162,155,138,138,155,138,241,232,211,161,162,155,138,232,215,260,211,241,249,162,138,232,138,161,193,155
241,211,215,215,260,166,136,155,163,163,155,155,211,232,241,165,136,155,155,232,215,211,241,211,215,166,163,241,163,165,260,155
232,248,233,261,260,172,136,135,134,171,163,155,260,232,248,138,136,135,155,232,261,248,248,260,233,172,171,232,134,138,260,163
248,260,200,249,205,156,156,171,134,155,161,165,241,205,248,163,156,171,165,205,249,260,248,241,200,156,155,248,134,163,205,161
232,205,194,212,241,166,135,165,163,134,161,155,248,232,214,135,135,165,155,232,212,205,214,248,194,166,134,232,163,135,241,161
232,241,206,233,205,166,156,171,165,155,161,171,260,248,260,155,156,171,171,248,233,241,260,260,206,166,155,232,165,155,205,161
211,260,233,249,260,136,156,138,155,138,135,138,211,241,260,155,156,138,138,241,249,260,260,211,233,136,138,211,155,155,260,135
260,260,215,242,193,135,139,155,155,134,161,160,248,232,214,138,139,155,160,232,242,260,214,248,215,135,134,260,155,138,193,161
241,211,249,215,248,164,135,160,160,165,160,155,193,260,214,134,135,160,155,260,215,211,214,193,249,164,165,241,160,134,248,160
248,241,194,194,248,135,136,155,155,165,155,165,241,241,211,155,136,155,165,241,194,241,211,241,194,135,165,248,155,155,248,155
241,260,233,194,205,166,166,134,155,163,155,138,241,211,241,165,166,134,138,211,194,260,241,241,233,166,163,241,155,165,205,155
241,248,206,261,248,156,139,155,171,138,165,165,241,260,241,171,139,155,165,260,261,248,241,241,206,156,138,241,171,171,248,165
232,241,206,233,193,166,136,165,135,163,163,163,205,248,232,155,136,165,163,248,233,241,232,205,206,166,163,232,135,155,193,163
232,232,233,194,211,139,135,171,135,135,138,138,232,260,232,161,135,171,138,260,194,232,232,232,233,139,135,232,135,161,211,138
232,260,194,249,193,161,156,155,155,165,163,155,205,232,241,163,156,155,155,232,249,260,241,205,194,161,165,232,155,163,193,163
232,232,206,206,241,166,156,135,155,138,165,165,193,241,241,163,156,135,165,241,206,232,241,193,206,166,138,232,155,163,241,165
260,205,206,212,214,166,161,160,138,165,138,155,248,248,241,155,161,160,155,248,212,205,241,248,206,166,165,260,138,155,214,138
205,260,200,194,260,172,136,160,155,161,161,165,193,241,248,135,136,160,165,241,194,260,248,193,200,172,161,205,155,135,260,161
232,260,194,249,241,139,161,135,171,171,163,134,241,232,232,134,161,135,134,232,249,260,232,241,194,139,171,232,171,134,241,163
232,232,206,261,260,172,139,155,165,135,135,135,241,232,232,138,139,155,135,232,261,232,232,241,206,172,135,232,165,138,260,135
232,260,249,233,232,156,136,155,163,135,134,171,241,232,241,134,136,155,171,232,233,260,241,241,249,156,135,232,163,134,232,134
260,248,215,233,241,166,166,160,160,155,160,155,260,193,232,135,166,160,155,193,233,248,232,260,215,166,155,260,160,135,241,160
260,232,261,200,193,136,136,135,155,165,135,134,211,241,193,138,136,135,134,241,200,232,193,211,261,136,165,260,155,138,193,135
260,248,194,233,248,164,139,138,165,155,134,134,193,193,232,160,139,138,134,193,233,248,232,193,194,164,155,260,165,160,248,134
260,232,242,233,232,161,156,155,134,155,155,171,241,260,193,155,156,155,171,260,233,232,193,241,242,161,155,260,134,155,232,155
232,260,206,215,211,172,136,163,165,155,155,134,260,214,232,163,136,163,134,214,215,260,232,260,206,172,155,232,165,163,211,155
214,232,233,200,241,172,164,160,155,160,135,138,260,193,260,135,164,160,138,193,200,232,260,260,233,172,160,214,155,135,241,135
205,260,212,242,205,136,162,155,171,155,163,138,214,214,211,155,162,155,138,214,242,260,211,214,212,136,155,205,171,155,205,163
211,232,233,233,248,164,136,161,161,165,135,155,205,232,232,138,136,161,155,232,233,232,232,205,233,164,165,211,161,138,248,135
214,241,200,200,241,172,136,165,155,171,138,134,260,241,232,160,136,165,134,241,200,241,232,260,200,172,171,214,155,160,241,138
241,211,212,200,214,166,135,155,155,134,161,171,214,248,260,135,135,155,171,248,200,211,260,214,212,166,134,241,155,135,214,161
232,232,242,261,214,156,136,135,161,171,138,165,260,241,260,134,136,135,165,241,261,232,260,260,242,156,171,232,161,134,214,138
260,241,194,215,248,161,166,155,138,155,155,134,248,193,232,163,166,155,134,193,215,241,232,248,194,161,155,260,138,163,248,155
211,193,206,233,248,164,156,163,155,163,155,163,260,241,193,138,156,163,163,241,233,193,193,260,206,164,163,211,155,138,248,155
214,260,212,194,193,166,166,160,155,138,163,155,260,260,260,155,166,160,155,260,194,260,260,260,212,166,138,214,155,155,193,163
260,232,200,233,214,166,139,171,155,171,161,138,193,193,241,138,139,171,138,193,233,232,241,193,200,166,171,260,155,138,214,161
248,260,261,212,205,139,156,163,161,155,163,155,260,211,248,155,156,163,155,211,212,260,248,260,261,139,155,248,161,155,205,163
241,193,212,194,205,136,166,138,135,160,165,155,193,193,241,155,166,138,155,193,194,193,241,193,212,136,160,241,135,155,205,165
260,232,242,261,193,135,139,134,135,138,155,155,260,232,232,161,139,134,155,232,261,232,232,260,242,135,138,260,135,161,193,155
248,260,242,261,248,166,136,138,171,165,155,155,211,193,241,160,136,138,155,193,261,260,241,211,242,166,165,248,171,160,248,155
260,232,212,249,260,136,156,160,160,135,165,135,193,211,260,155,156,160,135,211,249,232,260,193,212,136,135,260,160,155,260,165
214,232,200,261,241,156,166,138,171,134,163,155,205,232,214,134,166,138,155,232,261,232,214,205,200,156,134,214,171,134,241,163
205,241,206,233,193,161,166,155,171,160,135,163,248,260,232,165,166,155,163,260,233,241,232,248,206,161,160,205,171,165,193,135
232,205,206,233,205,156,135,171,134,165,163,155,193,232,241,155,135,171,155,232,233,205,241,193,206,156,165,232,134,155,205,163
260,193,206,249,211,161,164,165,171,165,135,138,248,248,214,161,164,165,138,248,249,193,214,248,206,161,165,260,171,161,211,135
232,241,200,200,214,156,136,171,155,161,135,171,214,260,260,155,136,171,171,260,200,241,260,214,200,156,161,232,155,155,214,135
248,211,233,212,193,156,156,163,135,161,165,138,248,241,248,135,156,163,138,241,212,211,248,248,233,156,161,248,135,135,193,165
232,205,215,249,248,164,136,160,155,171,155,138,199,241,260,160,136,160,138,241,249,205,260,199,215,164,171,232,155,160,248,155
232,260,249,212,260,172,135,163,163,155,155,163,248,241,232,138,135,163,163,241,212,260,232,248,249,172,155,232,163,138,260,155
211,248,215,233,248,164,136,135,161,155,155,165,260,214,214,155,136,135,165,214,233,248,214,260,215,164,155,211,161,155,248,155
232,241,242,242,214,166,136,163,138,165,165,135,248,214,241,155,136,163,135,214,242,241,241,248,242,166,165,232,138,155,214,165
260,241,206,215,205,161,156,171,155,134,160,138,241,248,241,155,156,171,138,248,215,241,241,241,206,161,134,260,155,155,205,160
232,232,194,212,241,162,156,138,160,155,135,155,260,241,241,155,156,138,155,241,212,232,241,260,194,162,155,232,160,155,241,135
248,232,261,200,211,161,162,165,163,155,161,155,248,241,241,161,162,165,155,241,200,232,241,248,261,161,155,248,163,161,211,161
232,232,242,242,248,136,166,134,161,171,135,155,232,232,248,138,166,134,155,232,242,232,248,232,242,136,171,232,161,138,248,135
232,214,249,206,248,136,166,171,161,155,163,138,211,241,232,161,166,171,138,241,206,214,232,211,249,136,155,232,161,161,248,163
248,193,212,215,214,156,156,138,155,155,138,134,248,248,248,138,156,138,134,248,215,193,248,248,212,156,155,248,155,138,214,138
211,260,249,212,241,161,156,155,155,155,163,155,248,241,260,138,156,155,155,241,212,260,260,248,249,161,155,211,155,138,241,163
232,232,206,200,205,164,136,161,134,160,165,155,241,232,241,161,136,161,155,232,200,232,241,241,206,164,160,232,134,161,205,165
232,232,194,212,241,139,164,161,155,135,155,135,248,241,232,138,164,161,135,241,212,232,232,248,194,139,135,232,155,138,241,155
232,232,194,215,241,164,161,134,161,155,134,135,211,232,241,135,161,134,135,232,215,232,241,211,194,164,155,232,161,135,241,134
260,211,212,194,248,166,156,155,138,135,165,155,211,248,232,155,156,155,155,248,194,211,232,211,212,166,135,260,138,155,248,165
232,241,242,215,205,156,136,138,155,163,135,134,248,241,232,138,136,138,134,241,215,241,232,248,242,156,163,232,155,138,205,135
232,260,200,261,260,156,156,134,155,155,155,155,205,248,241,165,156,134,155,248,261,260,241,205,200,156,155,232,155,165,260,155
193,241,194,215,260,172,162,161,171,171,155,171,193,232,232,160,162,161,171,232,215,241,232,193,194,172,171,193,171,160,260,155
260,211,200,261,241,172,156,138,155,134,161,135,248,241,260,163,156,138,135,241,261,211,260,248,200,172,134,260,155,163,241,161
260,241,215,249,260,161,156,135,163,163,155,155,248,248,260,135,156,135,155,248,249,241,260,248,215,161,163,260,163,135,260,155
241,260,194,242,241,166,162,155,163,155,138,135,248,232,232,155,162,155,135,232,242,260,232,248,194,166,155,241,163,155,241,138
211,260,242,242,232,135,139,155,155,165,160,134,248,241,241,165,139,155,134,241,242,260,241,248,242,135,165,211,155,165,232,160
260,260,215,200,260,156,164,160,163,163,155,155,199,241,248,155,164,160,155,241,200,260,248,199,215,156,163,260,163,155,260,155
260,232,242,233,193,156,139,155,160,155,160,155,205,232,232,161,139,155,155,232,233,232,232,205,242,156,155,260,160,161,193,160
232,260,194,249,260,166,136,160,165,135,161,138,248,248,232,138,136,160,138,248,249,260,232,248,194,166,135,232,165,138,260,161
248,260,212,249,248,164,156,165,161,160,161,155,241,232,232,163,156,165,155,232,249,260,232,241,212,164,160,248,161,163,248,161
232,193,215,261,260,156,166,155,155,155,161,155,232,193,193,161,166,155,155,193,261,193,193,232,215,156,155,232,155,161,260,161
248,241,215,233,214,136,156,135,161,155,134,155,205,232,193,135,156,135,155,232,233,241,193,205,215,136,155,248,161,135,214,134
260,232,249,194,248,172,136,160,171,160,135,171,193,232,260,165,136,160,171,232,194,232,260,193,249,172,160,260,171,165,248,135
241,260,194,233,241,139,166,155,155,163,138,135,241,193,241,163,166,155,135,193,233,260,241,241,194,139,163,241,155,163,241,138
248,199,242,206,214,162,135,160,163,161,161,135,211,241,260,155,135,160,135,241,206,199,260,211,242,162,161,248,163,155,214,161
232,199,249,242,241,156,161,155,161,155,135,165,214,232,214,155,161,155,165,232,242,199,214,214,249,156,155,232,161,155,241,135
241,260,194,200,214,166,135,165,134,155,135,134,211,241,232,155,135,165,134,241,200,260,232,211,194,166,155,241,134,155,214,135
193,260,261,261,241,161,156,135,163,155,155,163,241,232,248,163,156,135,163,232,261,260,248,241,261,161,155,193,163,163,241,155
211,241,194,215,248,139,135,161,160,165,135,134,241,214,248,135,135,161,134,214,215,241,248,241,194,139,165,211,160,135,248,135
193,241,249,261,260,164,136,135,155,161,163,135,260,214,241,155,136,135,135,214,261,241,241,260,249,164,161,193,155,155,260,163
232,241,233,261,248,172,139,163,163,165,171,165,260,241,214,165,139,163,165,241,261,241,214,260,233,172,165,232,163,165,248,171
232,193,242,242,260,156,164,138,135,161,134,134,211,232,241,135,164,138,134,232,242,193,241,211,242,156,161,232,135,135,260,134
260,232,242,194,232,172,156,135,155,155,163,134,260,260,232,155,156,135,134,260,194,232,232,260,242,172,155,260,155,155,232,163
260,205,261,215,241,156,166,135,134,138,165,155,248,248,232,155,166,135,155,248,215,205,232,248,261,156,138,260,134,155,241,165
232,232,212,261,248,156,161,155,155,134,135,171,260,241,241,165,161,155,171,241,261,232,241,260,212,156,134,232,155,165,248,135
232,232,212,249,248,139,136,165,160,135,135,155,211,241,248,155,136,165,155,241,249,232,248,211,212,139,135,232,160,155,248,135
260,232,206,194,214,172,164,138,155,134,134,155,199,260,260,138,164,138,155,260,194,232,260,199,206,172,134,260,155,138,214,134
260,205,233,261,248,156,161,165,134,155,155,171,211,193,232,134,161,165,171,193,261,205,232,211,233,156,155,260,134,134,248,155
232,241,194,242,241,156,166,160,163,155,161,135,241,241,260,163,166,160,135,241,242,241,260,241,194,156,155,232,163,163,241,161
214,260,233,249,241,139,156,135,138,155,134,155,241,241,260,135,156,135,155,241,249,260,260,241,233,139,155,214,138,135,241,134
260,260,242,194,241,135,164,135,165,138,160,135,241,211,241,155,164,135,135,211,194,260,241,241,242,135,138,260,165,155,241,160
232,205,233,215,260,161,136,155,155,165,134,165,260,232,260,165,136,155,165,232,215,205,260,260,233,161,165,232,155,165,260,134
232,260,215,206,214,156,156,155,161,160,135,155,248,241,260,155,156,155,155,241,206,260,260,248,215,156,160,232,161,155,214,135
211,241,215,261,260,161,166,138,135,155,160,155,211,241,232,161,166,138,155,241,261,241,232,211,215,161,155,211,135,161,260,160
260,241,194,212,241,139,164,155,165,134,161,155,211,260,241,155,164,155,155,260,212,241,241,211,194,139,134,260,165,155,241,161
260,241,212,261,214,139,161,160,155,163,155,135,260,211,260,161,161,160,135,211,261,241,260,260,212,139,163,260,155,161,214,155
241,193,215,215,211,164,166,138,161,155,161,138,241,232,232,163,166,138,138,232,215,193,232,241,215,164,155,241,161,163,211,161
241,232,206,200,241,139,156,138,138,138,171,155,248,193,248,135,156,138,155,193,200,232,248,248,206,139,138,241,138,135,241,171
214,232,200,233,248,172,156,163,138,155,165,135,214,193,241,135,156,163,135,193,233,232,241,214,200,172,155,214,138,135,248,165
260,241,233,212,211,135,172,165,155,160,135,155,193,193,193,165,172,165,155,193,212,241,193,193,233,135,160,260,155,165,211,135
260,248,206,194,211,162,136,171,134,161,155,165,211,241,241,138,136,171,165,241,194,248,241,211,206,162,161,260,134,138,211,155
232,232,212,212,205,136,164,171,155,163,135,135,211,260,260,134,164,171,135,260,212,232,260,211,212,136,163,232,155,134,205,135
232,260,242,215,248,139,139,165,161,135,163,138,199,241,232,160,139,165,138,241,215,260,232,199,242,139,135,232,161,160,248,163
241,232,242,212,260,164,156,155,163,160,155,155,241,214,260,155,156,155,155,214,212,232,260,241,242,164,160,241,163,155,260,155
232,205,206,194,232,156,136,134,161,155,163,171,260,193,248,165,136,134,171,193,194,205,248,260,206,156,155,232,161,165,232,163
241,241,233,212,205,172,156,160,138,155,155,165,193,232,232,155,156,160,165,232,212,241,232,193,233,172,155,241,138,155,205,155
232,241,215,206,211,161,139,161,163,160,163,138,260,248,232,155,139,161,138,248,206,241,232,260,215,161,160,232,163,155,211,163
260,241,200,233,214,166,156,138,165,134,160,138,214,260,260,160,156,138,138,260,233,241,260,214,200,166,134,260,165,160,214,160
193,232,200,261,248,136,156,161,163,163,163,165,241,241,232,134,156,161,165,241,261,232,232,241,200,136,163,193,163,134,248,163
260,260,233,261,205,139,164,155,165,135,135,155,260,193,232,155,164,155,155,193,261,260,232,260,233,139,135,260,165,155,205,135
232,232,215,233,241,139,166,171,160,161,160,135,211,241,199,155,166,171,135,241,233,232,199,211,215,139,161,232,160,155,241,160
211,241,242,194,232,136,156,138,165,163,135,171,211,241,232,138,156,138,171,241,194,241,232,211,242,136,163,211,165,138,232,135
260,232,212,242,214,166,156,138,155,165,161,138,248,232,232,155,156,138,138,232,242,232,232,248,212,166,165,260,155,155,214,161
232,232,249,242,241,162,172,155,155,135,134,135,248,193,211,134,172,155,135,193,242,232,211,248,249,162,135,232,155,134,241,134
